{
	"format_version": "1.9.0",
	"credit": "Made with Blockbench",
	"textures": {
		"5": "shroud:item/baby_dragon_eye",
		"6": "shroud:item/baby_dragon_scale",
		"7": "shroud:item/baby_dragon_grey",
		"8": "shroud:item/baby_dragon_teeth",
		"9": "shroud:item/baby_dragon_tongue",
		"particle": "shroud:item/baby_dragon_eye"
	},
	"elements": [
		{
			"from": [5, 0, 8],
			"to": [7, 2, 10],
			"rotation": {"angle": 0, "axis": "y", "origin": [5, 0, 8]},
			"faces": {
				"north": {"uv": [0, 0, 2, 2], "texture": "#6"},
				"east": {"uv": [0, 0, 2, 2], "texture": "#6"},
				"south": {"uv": [0, 0, 2, 2], "texture": "#6"},
				"west": {"uv": [0, 0, 2, 2], "texture": "#6"},
				"up": {"uv": [0, 0, 2, 2], "texture": "#6"},
				"down": {"uv": [0, 0, 2, 2], "texture": "#6"}
			}
		},
		{
			"from": [5, 4, 7],
			"to": [7, 6, 9],
			"rotation": {"angle": 0, "axis": "y", "origin": [5, 4, 7]},
			"faces": {
				"north": {"uv": [0, 0, 2, 2], "texture": "#6"},
				"east": {"uv": [0, 0, 2, 2], "texture": "#6"},
				"south": {"uv": [0, 0, 2, 2], "texture": "#6"},
				"west": {"uv": [0, 0, 2, 2], "texture": "#6"},
				"up": {"uv": [0, 0, 2, 2], "texture": "#6"},
				"down": {"uv": [0, 0, 2, 2], "texture": "#6"}
			}
		},
		{
			"from": [9, 4, 7],
			"to": [11, 6, 9],
			"rotation": {"angle": 0, "axis": "y", "origin": [9, 4, 7]},
			"faces": {
				"north": {"uv": [0, 0, 2, 2], "texture": "#6"},
				"east": {"uv": [0, 0, 2, 2], "texture": "#6"},
				"south": {"uv": [0, 0, 2, 2], "texture": "#6"},
				"west": {"uv": [0, 0, 2, 2], "texture": "#6"},
				"up": {"uv": [0, 0, 2, 2], "texture": "#6"},
				"down": {"uv": [0, 0, 2, 2], "texture": "#6"}
			}
		},
		{
			"from": [9.75, 2, 6.25],
			"to": [11.75, 4, 8.25],
			"rotation": {"angle": 0, "axis": "y", "origin": [9.75, 2, 6.25]},
			"faces": {
				"north": {"uv": [0, 0, 2, 2], "texture": "#6"},
				"east": {"uv": [0, 0, 2, 2], "texture": "#6"},
				"south": {"uv": [0, 0, 2, 2], "texture": "#6"},
				"west": {"uv": [0, 0, 2, 2], "texture": "#6"},
				"up": {"uv": [0, 0, 2, 2], "texture": "#6"},
				"down": {"uv": [0, 0, 2, 2], "texture": "#6"}
			}
		},
		{
			"from": [4.25, 2, 6.25],
			"to": [6.25, 4, 8.25],
			"rotation": {"angle": 0, "axis": "y", "origin": [4.25, 2, 6.25]},
			"faces": {
				"north": {"uv": [0, 0, 2, 2], "texture": "#6"},
				"east": {"uv": [0, 0, 2, 2], "texture": "#6"},
				"south": {"uv": [0, 0, 2, 2], "texture": "#6"},
				"west": {"uv": [0, 0, 2, 2], "texture": "#6"},
				"up": {"uv": [0, 0, 2, 2], "texture": "#6"},
				"down": {"uv": [0, 0, 2, 2], "texture": "#6"}
			}
		},
		{
			"from": [4.25, 0, 5.75],
			"to": [6.25, 2, 7.75],
			"rotation": {"angle": 0, "axis": "y", "origin": [4.25, 0, 5.75]},
			"faces": {
				"north": {"uv": [0, 0, 2, 2], "texture": "#6"},
				"east": {"uv": [0, 0, 2, 2], "texture": "#6"},
				"south": {"uv": [0, 0, 2, 2], "texture": "#6"},
				"west": {"uv": [0, 0, 2, 2], "texture": "#6"},
				"up": {"uv": [0, 0, 2, 2], "texture": "#6"},
				"down": {"uv": [0, 0, 2, 2], "texture": "#6"}
			}
		},
		{
			"from": [9.75, 0, 5.75],
			"to": [11.75, 2, 7.75],
			"rotation": {"angle": 0, "axis": "y", "origin": [9.75, 0, 5.75]},
			"faces": {
				"north": {"uv": [0, 0, 2, 2], "texture": "#6"},
				"east": {"uv": [0, 0, 2, 2], "texture": "#6"},
				"south": {"uv": [0, 0, 2, 2], "texture": "#6"},
				"west": {"uv": [0, 0, 2, 2], "texture": "#6"},
				"up": {"uv": [0, 0, 2, 2], "texture": "#6"},
				"down": {"uv": [0, 0, 2, 2], "texture": "#6"}
			}
		},
		{
			"from": [6, 0, 10],
			"to": [8, 2, 12],
			"rotation": {"angle": 0, "axis": "y", "origin": [6, 0, 10]},
			"faces": {
				"north": {"uv": [0, 0, 2, 2], "texture": "#6"},
				"east": {"uv": [0, 0, 2, 2], "texture": "#6"},
				"south": {"uv": [0, 0, 2, 2], "texture": "#6"},
				"west": {"uv": [0, 0, 2, 2], "texture": "#6"},
				"up": {"uv": [0, 0, 2, 2], "texture": "#6"},
				"down": {"uv": [0, 0, 2, 2], "texture": "#6"}
			}
		},
		{
			"from": [8, 0, 10],
			"to": [10, 2, 12],
			"rotation": {"angle": 0, "axis": "y", "origin": [8, 0, 10]},
			"faces": {
				"north": {"uv": [0, 0, 2, 2], "texture": "#6"},
				"east": {"uv": [0, 0, 2, 2], "texture": "#6"},
				"south": {"uv": [0, 0, 2, 2], "texture": "#6"},
				"west": {"uv": [0, 0, 2, 2], "texture": "#6"},
				"up": {"uv": [0, 0, 2, 2], "texture": "#6"},
				"down": {"uv": [0, 0, 2, 2], "texture": "#6"}
			}
		},
		{
			"from": [6, 2, 10],
			"to": [10, 4, 12],
			"rotation": {"angle": 0, "axis": "y", "origin": [7, 2, 10]},
			"faces": {
				"north": {"uv": [0, 0, 4, 2], "texture": "#6"},
				"east": {"uv": [0, 0, 2, 2], "texture": "#6"},
				"south": {"uv": [0, 0, 4, 2], "texture": "#6"},
				"west": {"uv": [0, 0, 2, 2], "texture": "#6"},
				"up": {"uv": [0, 0, 4, 2], "texture": "#6"},
				"down": {"uv": [0, 0, 4, 2], "texture": "#6"}
			}
		},
		{
			"from": [7, 1, 12],
			"to": [9, 3, 14],
			"rotation": {"angle": 0, "axis": "y", "origin": [7, 1, 12]},
			"faces": {
				"north": {"uv": [0, 0, 2, 2], "texture": "#6"},
				"east": {"uv": [0, 0, 2, 2], "texture": "#6"},
				"south": {"uv": [0, 0, 2, 2], "texture": "#6"},
				"west": {"uv": [0, 0, 2, 2], "texture": "#6"},
				"up": {"uv": [0, 0, 2, 2], "texture": "#6"},
				"down": {"uv": [0, 0, 2, 2], "texture": "#6"}
			}
		},
		{
			"from": [7, 3, 13],
			"to": [9, 5, 15],
			"rotation": {"angle": 0, "axis": "y", "origin": [7, 3, 13]},
			"faces": {
				"north": {"uv": [0, 0, 2, 2], "texture": "#6"},
				"east": {"uv": [0, 0, 2, 2], "texture": "#6"},
				"south": {"uv": [0, 0, 2, 2], "texture": "#6"},
				"west": {"uv": [0, 0, 2, 2], "texture": "#6"},
				"up": {"uv": [0, 0, 2, 2], "texture": "#6"},
				"down": {"uv": [0, 0, 2, 2], "texture": "#6"}
			}
		},
		{
			"from": [7, 5, 14],
			"to": [9, 7, 16],
			"rotation": {"angle": 0, "axis": "y", "origin": [7, 5, 14]},
			"faces": {
				"north": {"uv": [0, 0, 2, 2], "texture": "#6"},
				"east": {"uv": [0, 0, 2, 2], "texture": "#6"},
				"south": {"uv": [0, 0, 2, 2], "texture": "#6"},
				"west": {"uv": [0, 0, 2, 2], "texture": "#6"},
				"up": {"uv": [0, 0, 2, 2], "texture": "#6"},
				"down": {"uv": [0, 0, 2, 2], "texture": "#6"}
			}
		},
		{
			"from": [7, 5, 14],
			"to": [9, 7, 16],
			"rotation": {"angle": 0, "axis": "y", "origin": [7, 5, 14]},
			"faces": {
				"north": {"uv": [0, 0, 2, 2], "texture": "#6"},
				"east": {"uv": [0, 0, 2, 2], "texture": "#6"},
				"south": {"uv": [0, 0, 2, 2], "texture": "#6"},
				"west": {"uv": [0, 0, 2, 2], "texture": "#6"},
				"up": {"uv": [0, 0, 2, 2], "texture": "#6"},
				"down": {"uv": [0, 0, 2, 2], "texture": "#6"}
			}
		},
		{
			"from": [7, 5, 14],
			"to": [9, 7, 16],
			"rotation": {"angle": 0, "axis": "y", "origin": [7, 5, 14]},
			"faces": {
				"north": {"uv": [0, 0, 2, 2], "texture": "#6"},
				"east": {"uv": [0, 0, 2, 2], "texture": "#6"},
				"south": {"uv": [0, 0, 2, 2], "texture": "#6"},
				"west": {"uv": [0, 0, 2, 2], "texture": "#6"},
				"up": {"uv": [0, 0, 2, 2], "texture": "#6"},
				"down": {"uv": [0, 0, 2, 2], "texture": "#6"}
			}
		},
		{
			"from": [7, 5, 14],
			"to": [9, 7, 16],
			"rotation": {"angle": 0, "axis": "y", "origin": [7, 5, 14]},
			"faces": {
				"north": {"uv": [0, 0, 2, 2], "texture": "#6"},
				"east": {"uv": [0, 0, 2, 2], "texture": "#6"},
				"south": {"uv": [0, 0, 2, 2], "texture": "#6"},
				"west": {"uv": [0, 0, 2, 2], "texture": "#6"},
				"up": {"uv": [0, 0, 2, 2], "texture": "#6"},
				"down": {"uv": [0, 0, 2, 2], "texture": "#6"}
			}
		},
		{
			"from": [7, 7, 15],
			"to": [9, 9, 17],
			"rotation": {"angle": 0, "axis": "y", "origin": [7, 7, 15]},
			"faces": {
				"north": {"uv": [0, 0, 2, 2], "texture": "#6"},
				"east": {"uv": [0, 0, 2, 2], "texture": "#6"},
				"south": {"uv": [0, 0, 2, 2], "texture": "#6"},
				"west": {"uv": [0, 0, 2, 2], "texture": "#6"},
				"up": {"uv": [0, 0, 2, 2], "texture": "#6"},
				"down": {"uv": [0, 0, 2, 2], "texture": "#6"}
			}
		},
		{
			"from": [7, 9, 15],
			"to": [9, 11, 17],
			"rotation": {"angle": 0, "axis": "y", "origin": [7, 9, 15]},
			"faces": {
				"north": {"uv": [0, 0, 2, 2], "texture": "#6"},
				"east": {"uv": [0, 0, 2, 2], "texture": "#6"},
				"south": {"uv": [0, 0, 2, 2], "texture": "#6"},
				"west": {"uv": [0, 0, 2, 2], "texture": "#6"},
				"up": {"uv": [0, 0, 2, 2], "texture": "#6"},
				"down": {"uv": [0, 0, 2, 2], "texture": "#6"}
			}
		},
		{
			"from": [7.5, 9.5, 14.25],
			"to": [8.25, 10.25, 15],
			"rotation": {"angle": 0, "axis": "y", "origin": [7, 9, 13]},
			"faces": {
				"north": {"uv": [0, 0, 0.75, 0.75], "texture": "#7"},
				"east": {"uv": [0, 0, 0.75, 0.75], "texture": "#7"},
				"south": {"uv": [0, 0, 0.75, 0.75], "texture": "#7"},
				"west": {"uv": [0, 0, 0.75, 0.75], "texture": "#7"},
				"up": {"uv": [0, 0, 0.75, 0.75], "texture": "#7"},
				"down": {"uv": [0, 0, 0.75, 0.75], "texture": "#7"}
			}
		},
		{
			"from": [7.5, 11.5, 14.25],
			"to": [8.25, 12.25, 15],
			"rotation": {"angle": 0, "axis": "y", "origin": [7, 11, 13]},
			"faces": {
				"north": {"uv": [0, 0, 0.75, 0.75], "texture": "#7"},
				"east": {"uv": [0, 0, 0.75, 0.75], "texture": "#7"},
				"south": {"uv": [0, 0, 0.75, 0.75], "texture": "#7"},
				"west": {"uv": [0, 0, 0.75, 0.75], "texture": "#7"},
				"up": {"uv": [0, 0, 0.75, 0.75], "texture": "#7"},
				"down": {"uv": [0, 0, 0.75, 0.75], "texture": "#7"}
			}
		},
		{
			"from": [7.5, 7.5, 14.25],
			"to": [8.25, 8.25, 15],
			"rotation": {"angle": 0, "axis": "y", "origin": [7, 7, 13]},
			"faces": {
				"north": {"uv": [0, 0, 0.75, 0.75], "texture": "#7"},
				"east": {"uv": [0, 0, 0.75, 0.75], "texture": "#7"},
				"south": {"uv": [0, 0, 0.75, 0.75], "texture": "#7"},
				"west": {"uv": [0, 0, 0.75, 0.75], "texture": "#7"},
				"up": {"uv": [0, 0, 0.75, 0.75], "texture": "#7"},
				"down": {"uv": [0, 0, 0.75, 0.75], "texture": "#7"}
			}
		},
		{
			"from": [7.5, 5.5, 13.25],
			"to": [8.25, 6.25, 14],
			"rotation": {"angle": 0, "axis": "y", "origin": [7, 5, 12]},
			"faces": {
				"north": {"uv": [0, 0, 0.75, 0.75], "texture": "#7"},
				"east": {"uv": [0, 0, 0.75, 0.75], "texture": "#7"},
				"south": {"uv": [0, 0, 0.75, 0.75], "texture": "#7"},
				"west": {"uv": [0, 0, 0.75, 0.75], "texture": "#7"},
				"up": {"uv": [0, 0, 0.75, 0.75], "texture": "#7"},
				"down": {"uv": [0, 0, 0.75, 0.75], "texture": "#7"}
			}
		},
		{
			"from": [7.5, 3.5, 12.25],
			"to": [8.25, 4.25, 13],
			"rotation": {"angle": 0, "axis": "y", "origin": [7, 3, 11]},
			"faces": {
				"north": {"uv": [0, 0, 0.75, 0.75], "texture": "#7"},
				"east": {"uv": [0, 0, 0.75, 0.75], "texture": "#7"},
				"south": {"uv": [0, 0, 0.75, 0.75], "texture": "#7"},
				"west": {"uv": [0, 0, 0.75, 0.75], "texture": "#7"},
				"up": {"uv": [0, 0, 0.75, 0.75], "texture": "#7"},
				"down": {"uv": [0, 0, 0.75, 0.75], "texture": "#7"}
			}
		},
		{
			"from": [7, 11, 15],
			"to": [9, 13, 16],
			"rotation": {"angle": 0, "axis": "y", "origin": [7, 11, 15]},
			"faces": {
				"north": {"uv": [0, 0, 2, 2], "texture": "#6"},
				"east": {"uv": [0, 0, 1, 2], "texture": "#6"},
				"south": {"uv": [0, 0, 2, 2], "texture": "#6"},
				"west": {"uv": [0, 0, 1, 2], "texture": "#6"},
				"up": {"uv": [0, 0, 2, 1], "texture": "#6"},
				"down": {"uv": [0, 0, 2, 1], "texture": "#6"}
			}
		},
		{
			"from": [9.75, 0, 5],
			"to": [11.75, 1, 5.75],
			"rotation": {"angle": 0, "axis": "y", "origin": [9.75, 0, 3.75]},
			"faces": {
				"north": {"uv": [0, 0, 2, 1], "texture": "#6"},
				"east": {"uv": [0, 0, 0.75, 1], "texture": "#6"},
				"south": {"uv": [0, 0, 2, 1], "texture": "#6"},
				"west": {"uv": [0, 0, 0.75, 1], "texture": "#6"},
				"up": {"uv": [0, 0, 2, 0.75], "texture": "#6"},
				"down": {"uv": [0, 0, 2, 0.75], "texture": "#6"}
			}
		},
		{
			"from": [4.25, 0, 5],
			"to": [6.25, 1, 5.75],
			"rotation": {"angle": 0, "axis": "y", "origin": [4.25, 0, 3.75]},
			"faces": {
				"north": {"uv": [0, 0, 2, 1], "texture": "#6"},
				"east": {"uv": [0, 0, 0.75, 1], "texture": "#6"},
				"south": {"uv": [0, 0, 2, 1], "texture": "#6"},
				"west": {"uv": [0, 0, 0.75, 1], "texture": "#6"},
				"up": {"uv": [0, 0, 2, 0.75], "texture": "#6"},
				"down": {"uv": [0, 0, 2, 0.75], "texture": "#6"}
			}
		},
		{
			"from": [9, 0, 6],
			"to": [11, 1, 8],
			"rotation": {"angle": 0, "axis": "y", "origin": [9, 0, 6]},
			"faces": {
				"north": {"uv": [0, 0, 2, 1], "texture": "#6"},
				"east": {"uv": [0, 0, 2, 1], "texture": "#6"},
				"south": {"uv": [0, 0, 2, 1], "texture": "#6"},
				"west": {"uv": [0, 0, 2, 1], "texture": "#6"},
				"up": {"uv": [0, 0, 2, 2], "texture": "#6"},
				"down": {"uv": [0, 0, 2, 2], "texture": "#6"}
			}
		},
		{
			"from": [5, 0, 6],
			"to": [7, 1, 8],
			"rotation": {"angle": 0, "axis": "y", "origin": [5, 0, 6]},
			"faces": {
				"north": {"uv": [0, 0, 2, 1], "texture": "#6"},
				"east": {"uv": [0, 0, 2, 1], "texture": "#6"},
				"south": {"uv": [0, 0, 2, 1], "texture": "#6"},
				"west": {"uv": [0, 0, 2, 1], "texture": "#6"},
				"up": {"uv": [0, 0, 2, 2], "texture": "#6"},
				"down": {"uv": [0, 0, 2, 2], "texture": "#6"}
			}
		},
		{
			"from": [9, 0, 8],
			"to": [11, 2, 10],
			"rotation": {"angle": 0, "axis": "y", "origin": [9, 0, 8]},
			"faces": {
				"north": {"uv": [0, 0, 2, 2], "texture": "#6"},
				"east": {"uv": [0, 0, 2, 2], "texture": "#6"},
				"south": {"uv": [0, 0, 2, 2], "texture": "#6"},
				"west": {"uv": [0, 0, 2, 2], "texture": "#6"},
				"up": {"uv": [0, 0, 2, 2], "texture": "#6"},
				"down": {"uv": [0, 0, 2, 2], "texture": "#6"}
			}
		},
		{
			"from": [7, 0, 8],
			"to": [9, 2, 10],
			"rotation": {"angle": 0, "axis": "y", "origin": [7, 0, 8]},
			"faces": {
				"north": {"uv": [0, 0, 2, 2], "texture": "#6"},
				"east": {"uv": [0, 0, 2, 2], "texture": "#6"},
				"south": {"uv": [0, 0, 2, 2], "texture": "#6"},
				"west": {"uv": [0, 0, 2, 2], "texture": "#6"},
				"up": {"uv": [0, 0, 2, 2], "texture": "#6"},
				"down": {"uv": [0, 0, 2, 2], "texture": "#6"}
			}
		},
		{
			"from": [6.25, 1.25, 7.5],
			"to": [9.75, 14, 10],
			"rotation": {"angle": 0, "axis": "y", "origin": [7, 2, 8]},
			"faces": {
				"north": {"uv": [0, 0, 3.5, 12.75], "texture": "#6"},
				"east": {"uv": [0, 0, 2.5, 12.75], "texture": "#6"},
				"south": {"uv": [0, 0, 3.5, 12.75], "texture": "#6"},
				"west": {"uv": [0, 0, 2.5, 12.75], "texture": "#6"},
				"up": {"uv": [0, 0, 3.5, 2.5], "texture": "#6"},
				"down": {"uv": [0, 0, 3.5, 2.5], "texture": "#6"}
			}
		},
		{
			"from": [6.5, 1.5, 7.25],
			"to": [9.5, 8, 7.5],
			"rotation": {"angle": 0, "axis": "y", "origin": [6.75, 2, 6]},
			"faces": {
				"north": {"uv": [0, 0, 3, 6.5], "texture": "#7"},
				"east": {"uv": [0, 0, 0.25, 6.5], "texture": "#7"},
				"south": {"uv": [0, 0, 3, 6.5], "texture": "#7"},
				"west": {"uv": [0, 0, 0.25, 6.5], "texture": "#7"},
				"up": {"uv": [0, 0, 3, 0.25], "texture": "#7"},
				"down": {"uv": [0, 0, 3, 0.25], "texture": "#7"}
			}
		},
		{
			"from": [6, 4, 10],
			"to": [7, 8, 11],
			"rotation": {"angle": 0, "axis": "y", "origin": [5, 3, 9]},
			"faces": {
				"north": {"uv": [0, 0, 1, 4], "texture": "#6"},
				"east": {"uv": [0, 0, 1, 4], "texture": "#6"},
				"south": {"uv": [0, 0, 1, 4], "texture": "#6"},
				"west": {"uv": [0, 0, 1, 4], "texture": "#6"},
				"up": {"uv": [0, 0, 1, 1], "texture": "#6"},
				"down": {"uv": [0, 0, 1, 1], "texture": "#6"}
			}
		},
		{
			"from": [9, 4, 10],
			"to": [10, 8, 11],
			"rotation": {"angle": 0, "axis": "y", "origin": [8, 3, 9]},
			"faces": {
				"north": {"uv": [0, 0, 1, 4], "texture": "#6"},
				"east": {"uv": [0, 0, 1, 4], "texture": "#6"},
				"south": {"uv": [0, 0, 1, 4], "texture": "#6"},
				"west": {"uv": [0, 0, 1, 4], "texture": "#6"},
				"up": {"uv": [0, 0, 1, 1], "texture": "#6"},
				"down": {"uv": [0, 0, 1, 1], "texture": "#6"}
			}
		},
		{
			"from": [5, 4, 10.5],
			"to": [7, 8, 11],
			"rotation": {"angle": 0, "axis": "y", "origin": [8, 7.25, 10.75]},
			"faces": {
				"north": {"uv": [0, 0, 2, 4], "texture": "#6"},
				"east": {"uv": [0, 0, 0.5, 4], "texture": "#6"},
				"south": {"uv": [0, 0, 2, 4], "texture": "#6"},
				"west": {"uv": [0, 0, 0.5, 4], "texture": "#6"},
				"up": {"uv": [0, 0, 2, 0.5], "rotation": 180, "texture": "#6"},
				"down": {"uv": [0, 0, 2, 0.5], "rotation": 180, "texture": "#6"}
			}
		},
		{
			"from": [5, 3, 10],
			"to": [6, 8, 11],
			"rotation": {"angle": 0, "axis": "y", "origin": [4, 3, 9]},
			"faces": {
				"north": {"uv": [0, 0, 1, 5], "texture": "#6"},
				"east": {"uv": [0, 0, 1, 5], "texture": "#6"},
				"south": {"uv": [0, 0, 1, 5], "texture": "#6"},
				"west": {"uv": [0, 0, 1, 5], "texture": "#6"},
				"up": {"uv": [0, 0, 1, 1], "texture": "#6"},
				"down": {"uv": [0, 0, 1, 1], "texture": "#6"}
			}
		},
		{
			"from": [10, 3, 10],
			"to": [11, 8, 11],
			"rotation": {"angle": 0, "axis": "y", "origin": [9, 3, 9]},
			"faces": {
				"north": {"uv": [0, 0, 1, 5], "texture": "#6"},
				"east": {"uv": [0, 0, 1, 5], "texture": "#6"},
				"south": {"uv": [0, 0, 1, 5], "texture": "#6"},
				"west": {"uv": [0, 0, 1, 5], "texture": "#6"},
				"up": {"uv": [0, 0, 1, 1], "texture": "#6"},
				"down": {"uv": [0, 0, 1, 1], "texture": "#6"}
			}
		},
		{
			"from": [11, 4, 10.5],
			"to": [13, 8, 11],
			"rotation": {"angle": 0, "axis": "y", "origin": [8, 7.25, 10.75]},
			"faces": {
				"north": {"uv": [0, 0, 2, 4], "texture": "#6"},
				"east": {"uv": [0, 0, 0.5, 4], "texture": "#6"},
				"south": {"uv": [0, 0, 2, 4], "texture": "#6"},
				"west": {"uv": [0, 0, 0.5, 4], "texture": "#6"},
				"up": {"uv": [0, 0, 2, 0.5], "rotation": 180, "texture": "#6"},
				"down": {"uv": [0, 0, 2, 0.5], "rotation": 180, "texture": "#6"}
			}
		},
		{
			"from": [3, 4, 10.5],
			"to": [5, 8, 10.75],
			"rotation": {"angle": 0, "axis": "y", "origin": [8, 7.25, 10.75]},
			"faces": {
				"north": {"uv": [0, 0, 2, 4], "texture": "#6"},
				"east": {"uv": [0, 0, 0.25, 4], "texture": "#6"},
				"south": {"uv": [0, 0, 2, 4], "texture": "#6"},
				"west": {"uv": [0, 0, 0.25, 4], "texture": "#6"},
				"up": {"uv": [0, 0, 2, 0.25], "rotation": 180, "texture": "#6"},
				"down": {"uv": [0, 0, 2, 0.25], "rotation": 180, "texture": "#6"}
			}
		},
		{
			"from": [15, 4, 10.25],
			"to": [17, 8, 10.75],
			"rotation": {"angle": 0, "axis": "y", "origin": [6, 7.25, 10.5]},
			"faces": {
				"north": {"uv": [0, 0, 2, 4], "texture": "#6"},
				"east": {"uv": [0, 0, 0.5, 4], "texture": "#6"},
				"south": {"uv": [0, 0, 2, 4], "texture": "#6"},
				"west": {"uv": [0, 0, 0.5, 4], "texture": "#6"},
				"up": {"uv": [0, 0, 2, 0.5], "rotation": 180, "texture": "#6"},
				"down": {"uv": [0, 0, 2, 0.5], "rotation": 180, "texture": "#6"}
			}
		},
		{
			"from": [-1, 3.75, 10.5],
			"to": [1, 7.75, 11],
			"rotation": {"angle": 0, "axis": "y", "origin": [10, 7, 10.75]},
			"faces": {
				"north": {"uv": [0, 0, 2, 4], "texture": "#6"},
				"east": {"uv": [0, 0, 0.5, 4], "texture": "#6"},
				"south": {"uv": [0, 0, 2, 4], "texture": "#6"},
				"west": {"uv": [0, 0, 0.5, 4], "texture": "#6"},
				"up": {"uv": [0, 0, 2, 0.5], "rotation": 180, "texture": "#6"},
				"down": {"uv": [0, 0, 2, 0.5], "rotation": 180, "texture": "#6"}
			}
		},
		{
			"from": [13, 5, 10.25],
			"to": [15, 8, 10.75],
			"rotation": {"angle": 0, "axis": "y", "origin": [8, 7.25, 10.75]},
			"faces": {
				"north": {"uv": [0, 0, 2, 3], "texture": "#6"},
				"east": {"uv": [0, 0, 0.5, 3], "texture": "#6"},
				"south": {"uv": [0, 0, 2, 3], "texture": "#6"},
				"west": {"uv": [0, 0, 0.5, 3], "texture": "#6"},
				"up": {"uv": [0, 0, 2, 0.5], "rotation": 180, "texture": "#6"},
				"down": {"uv": [0, 0, 2, 0.5], "rotation": 180, "texture": "#6"}
			}
		},
		{
			"from": [1, 5, 10.25],
			"to": [3, 8, 10.75],
			"rotation": {"angle": 0, "axis": "y", "origin": [8, 7.25, 10.75]},
			"faces": {
				"north": {"uv": [0, 0, 2, 3], "texture": "#6"},
				"east": {"uv": [0, 0, 0.5, 3], "texture": "#6"},
				"south": {"uv": [0, 0, 2, 3], "texture": "#6"},
				"west": {"uv": [0, 0, 0.5, 3], "texture": "#6"},
				"up": {"uv": [0, 0, 2, 0.5], "rotation": 180, "texture": "#6"},
				"down": {"uv": [0, 0, 2, 0.5], "rotation": 180, "texture": "#6"}
			}
		},
		{
			"from": [11, 8, 9.75],
			"to": [13, 9.25, 11.25],
			"rotation": {"angle": 0, "axis": "y", "origin": [8, 7.25, 10.75]},
			"faces": {
				"north": {"uv": [0, 0, 2, 1.25], "texture": "#7"},
				"east": {"uv": [0, 0, 1.5, 1.25], "texture": "#7"},
				"south": {"uv": [0, 0, 2, 1.25], "texture": "#7"},
				"west": {"uv": [0, 0, 1.5, 1.25], "texture": "#7"},
				"up": {"uv": [0, 0, 2, 1.5], "rotation": 180, "texture": "#7"},
				"down": {"uv": [0, 0, 2, 1.5], "rotation": 180, "texture": "#7"}
			}
		},
		{
			"from": [13, 8, 9.75],
			"to": [15, 9.25, 11.25],
			"rotation": {"angle": 0, "axis": "y", "origin": [8, 7.25, 10.75]},
			"faces": {
				"north": {"uv": [0, 0, 2, 1.25], "texture": "#7"},
				"east": {"uv": [0, 0, 1.5, 1.25], "texture": "#7"},
				"south": {"uv": [0, 0, 2, 1.25], "texture": "#7"},
				"west": {"uv": [0, 0, 1.5, 1.25], "texture": "#7"},
				"up": {"uv": [0, 0, 2, 1.5], "rotation": 180, "texture": "#7"},
				"down": {"uv": [0, 0, 2, 1.5], "rotation": 180, "texture": "#7"}
			}
		},
		{
			"from": [15, 8, 9.5],
			"to": [17, 9.5, 11],
			"rotation": {"angle": 0, "axis": "y", "origin": [6, 7.25, 10.5]},
			"faces": {
				"north": {"uv": [0, 0, 2, 1.5], "texture": "#7"},
				"east": {"uv": [0, 0, 1.5, 1.5], "texture": "#7"},
				"south": {"uv": [0, 0, 2, 1.5], "texture": "#7"},
				"west": {"uv": [0, 0, 1.5, 1.5], "texture": "#7"},
				"up": {"uv": [0, 0, 2, 1.5], "rotation": 180, "texture": "#7"},
				"down": {"uv": [0, 0, 2, 1.5], "rotation": 180, "texture": "#7"}
			}
		},
		{
			"from": [1, 8, 9.75],
			"to": [3, 9.5, 11.25],
			"rotation": {"angle": 0, "axis": "y", "origin": [8, 7.25, 10.75]},
			"faces": {
				"north": {"uv": [0, 0, 2, 1.5], "texture": "#7"},
				"east": {"uv": [0, 0, 1.5, 1.5], "texture": "#7"},
				"south": {"uv": [0, 0, 2, 1.5], "texture": "#7"},
				"west": {"uv": [0, 0, 1.5, 1.5], "texture": "#7"},
				"up": {"uv": [0, 0, 2, 1.5], "rotation": 180, "texture": "#7"},
				"down": {"uv": [0, 0, 2, 1.5], "rotation": 180, "texture": "#7"}
			}
		},
		{
			"from": [2.5, 6, 9.75],
			"to": [3.5, 8, 11.25],
			"rotation": {"angle": 0, "axis": "y", "origin": [8, 7.25, 10.75]},
			"faces": {
				"north": {"uv": [0, 0, 2, 1], "rotation": 90, "texture": "#7"},
				"east": {"uv": [0, 0, 2, 1.5], "rotation": 90, "texture": "#7"},
				"south": {"uv": [0, 0, 2, 1], "rotation": 270, "texture": "#7"},
				"west": {"uv": [0, 0, 2, 1.5], "rotation": 90, "texture": "#7"},
				"up": {"uv": [0, 0, 1.5, 1], "rotation": 270, "texture": "#7"},
				"down": {"uv": [0, 0, 1.5, 1], "rotation": 270, "texture": "#7"}
			}
		},
		{
			"from": [2.5, 4, 9.75],
			"to": [3.5, 6, 11.25],
			"rotation": {"angle": 0, "axis": "y", "origin": [8, 7.25, 10.75]},
			"faces": {
				"north": {"uv": [0, 0, 2, 1], "rotation": 90, "texture": "#7"},
				"east": {"uv": [0, 0, 2, 1.5], "rotation": 90, "texture": "#7"},
				"south": {"uv": [0, 0, 2, 1], "rotation": 270, "texture": "#7"},
				"west": {"uv": [0, 0, 2, 1.5], "rotation": 90, "texture": "#7"},
				"up": {"uv": [0, 0, 1.5, 1], "rotation": 270, "texture": "#7"},
				"down": {"uv": [0, 0, 1.5, 1], "rotation": 270, "texture": "#7"}
			}
		},
		{
			"from": [12.5, 6, 9.75],
			"to": [13.5, 8, 11.25],
			"rotation": {"angle": 0, "axis": "y", "origin": [8, 7.25, 10.75]},
			"faces": {
				"north": {"uv": [0, 0, 2, 1], "rotation": 90, "texture": "#7"},
				"east": {"uv": [0, 0, 2, 1.5], "rotation": 90, "texture": "#7"},
				"south": {"uv": [0, 0, 2, 1], "rotation": 270, "texture": "#7"},
				"west": {"uv": [0, 0, 2, 1.5], "rotation": 90, "texture": "#7"},
				"up": {"uv": [0, 0, 1.5, 1], "rotation": 270, "texture": "#7"},
				"down": {"uv": [0, 0, 1.5, 1], "rotation": 270, "texture": "#7"}
			}
		},
		{
			"from": [12.5, 4, 9.75],
			"to": [13.5, 6, 11.25],
			"rotation": {"angle": 0, "axis": "y", "origin": [8, 7.25, 10.75]},
			"faces": {
				"north": {"uv": [0, 0, 2, 1], "rotation": 90, "texture": "#7"},
				"east": {"uv": [0, 0, 2, 1.5], "rotation": 90, "texture": "#7"},
				"south": {"uv": [0, 0, 2, 1], "rotation": 270, "texture": "#7"},
				"west": {"uv": [0, 0, 2, 1.5], "rotation": 90, "texture": "#7"},
				"up": {"uv": [0, 0, 1.5, 1], "rotation": 270, "texture": "#7"},
				"down": {"uv": [0, 0, 1.5, 1], "rotation": 270, "texture": "#7"}
			}
		},
		{
			"from": [16.5, 6, 9.5],
			"to": [17.5, 8, 11],
			"rotation": {"angle": 0, "axis": "y", "origin": [6, 7.25, 10.5]},
			"faces": {
				"north": {"uv": [0, 0, 2, 1], "rotation": 90, "texture": "#7"},
				"east": {"uv": [0, 0, 2, 1.5], "rotation": 90, "texture": "#7"},
				"south": {"uv": [0, 0, 2, 1], "rotation": 270, "texture": "#7"},
				"west": {"uv": [0, 0, 2, 1.5], "rotation": 90, "texture": "#7"},
				"up": {"uv": [0, 0, 1.5, 1], "rotation": 270, "texture": "#7"},
				"down": {"uv": [0, 0, 1.5, 1], "rotation": 270, "texture": "#7"}
			}
		},
		{
			"from": [16.5, 4, 9.5],
			"to": [17.5, 6, 11],
			"rotation": {"angle": 0, "axis": "y", "origin": [6, 7.25, 10.5]},
			"faces": {
				"north": {"uv": [0, 0, 2, 1], "rotation": 90, "texture": "#7"},
				"east": {"uv": [0, 0, 2, 1.5], "rotation": 90, "texture": "#7"},
				"south": {"uv": [0, 0, 2, 1], "rotation": 270, "texture": "#7"},
				"west": {"uv": [0, 0, 2, 1.5], "rotation": 90, "texture": "#7"},
				"up": {"uv": [0, 0, 1.5, 1], "rotation": 270, "texture": "#7"},
				"down": {"uv": [0, 0, 1.5, 1], "rotation": 270, "texture": "#7"}
			}
		},
		{
			"from": [-1.5, 5.75, 9.75],
			"to": [-0.5, 7.75, 11.25],
			"rotation": {"angle": 0, "axis": "y", "origin": [10, 7, 10.75]},
			"faces": {
				"north": {"uv": [0, 0, 2, 1], "rotation": 90, "texture": "#7"},
				"east": {"uv": [0, 0, 2, 1.5], "rotation": 90, "texture": "#7"},
				"south": {"uv": [0, 0, 2, 1], "rotation": 270, "texture": "#7"},
				"west": {"uv": [0, 0, 2, 1.5], "rotation": 90, "texture": "#7"},
				"up": {"uv": [0, 0, 1.5, 1], "rotation": 270, "texture": "#7"},
				"down": {"uv": [0, 0, 1.5, 1], "rotation": 270, "texture": "#7"}
			}
		},
		{
			"from": [-1.5, 3.75, 9.75],
			"to": [-0.5, 5.75, 11.25],
			"rotation": {"angle": 0, "axis": "y", "origin": [10, 7, 10.75]},
			"faces": {
				"north": {"uv": [0, 0, 2, 1], "rotation": 90, "texture": "#7"},
				"east": {"uv": [0, 0, 2, 1.5], "rotation": 90, "texture": "#7"},
				"south": {"uv": [0, 0, 2, 1], "rotation": 270, "texture": "#7"},
				"west": {"uv": [0, 0, 2, 1.5], "rotation": 90, "texture": "#7"},
				"up": {"uv": [0, 0, 1.5, 1], "rotation": 270, "texture": "#7"},
				"down": {"uv": [0, 0, 1.5, 1], "rotation": 270, "texture": "#7"}
			}
		},
		{
			"from": [3, 8, 9.75],
			"to": [5, 9.25, 11.25],
			"rotation": {"angle": 0, "axis": "y", "origin": [8, 7.25, 10.75]},
			"faces": {
				"north": {"uv": [0, 0, 2, 1.25], "texture": "#7"},
				"east": {"uv": [0, 0, 1.5, 1.25], "texture": "#7"},
				"south": {"uv": [0, 0, 2, 1.25], "texture": "#7"},
				"west": {"uv": [0, 0, 1.5, 1.25], "texture": "#7"},
				"up": {"uv": [0, 0, 2, 1.5], "rotation": 180, "texture": "#7"},
				"down": {"uv": [0, 0, 2, 1.5], "rotation": 180, "texture": "#7"}
			}
		},
		{
			"from": [-1, 7.75, 9.75],
			"to": [1, 9.25, 11.25],
			"rotation": {"angle": 0, "axis": "y", "origin": [10, 7, 10.75]},
			"faces": {
				"north": {"uv": [0, 0, 2, 1.5], "texture": "#7"},
				"east": {"uv": [0, 0, 1.5, 1.5], "texture": "#7"},
				"south": {"uv": [0, 0, 2, 1.5], "texture": "#7"},
				"west": {"uv": [0, 0, 1.5, 1.5], "texture": "#7"},
				"up": {"uv": [0, 0, 2, 1.5], "rotation": 180, "texture": "#7"},
				"down": {"uv": [0, 0, 2, 1.5], "rotation": 180, "texture": "#7"}
			}
		},
		{
			"from": [7, 8, 6],
			"to": [9, 14, 8],
			"rotation": {"angle": 0, "axis": "y", "origin": [7, 11, 6]},
			"faces": {
				"north": {"uv": [0, 0, 2, 6], "texture": "#6"},
				"east": {"uv": [0, 0, 2, 6], "texture": "#6"},
				"south": {"uv": [0, 0, 2, 6], "texture": "#6"},
				"west": {"uv": [0, 0, 2, 6], "texture": "#6"},
				"up": {"uv": [0, 0, 2, 2], "texture": "#6"},
				"down": {"uv": [0, 0, 2, 2], "texture": "#6"}
			}
		},
		{
			"from": [5, 8, 6],
			"to": [7, 14, 12],
			"rotation": {"angle": 0, "axis": "y", "origin": [5, 11, 6]},
			"faces": {
				"north": {"uv": [0, 0, 2, 6], "texture": "#6"},
				"east": {"uv": [0, 0, 6, 6], "texture": "#6"},
				"south": {"uv": [0, 0, 2, 6], "texture": "#6"},
				"west": {"uv": [0, 0, 6, 6], "texture": "#6"},
				"up": {"uv": [0, 0, 2, 6], "texture": "#6"},
				"down": {"uv": [0, 0, 2, 6], "texture": "#6"}
			}
		},
		{
			"from": [5.75, 14, 7],
			"to": [6.75, 15.5, 8],
			"rotation": {"angle": 0, "axis": "y", "origin": [5, 17, 7]},
			"faces": {
				"north": {"uv": [0, 0, 1, 1.5], "texture": "#7"},
				"east": {"uv": [0, 0, 1, 1.5], "texture": "#7"},
				"south": {"uv": [0, 0, 1, 1.5], "texture": "#7"},
				"west": {"uv": [0, 0, 1, 1.5], "texture": "#7"},
				"up": {"uv": [0, 0, 1, 1], "texture": "#7"},
				"down": {"uv": [0, 0, 1, 1], "texture": "#7"}
			}
		},
		{
			"from": [9.25, 14, 7],
			"to": [10.25, 15.5, 8],
			"rotation": {"angle": 0, "axis": "y", "origin": [8.5, 17, 7]},
			"faces": {
				"north": {"uv": [0, 0, 1, 1.5], "texture": "#7"},
				"east": {"uv": [0, 0, 1, 1.5], "texture": "#7"},
				"south": {"uv": [0, 0, 1, 1.5], "texture": "#7"},
				"west": {"uv": [0, 0, 1, 1.5], "texture": "#7"},
				"up": {"uv": [0, 0, 1, 1], "texture": "#7"},
				"down": {"uv": [0, 0, 1, 1], "texture": "#7"}
			}
		},
		{
			"from": [9, 8, 6],
			"to": [11, 14, 12],
			"rotation": {"angle": 0, "axis": "y", "origin": [9, 11, 6]},
			"faces": {
				"north": {"uv": [0, 0, 2, 6], "texture": "#6"},
				"east": {"uv": [0, 0, 6, 6], "texture": "#6"},
				"south": {"uv": [0, 0, 2, 6], "texture": "#6"},
				"west": {"uv": [0, 0, 6, 6], "texture": "#6"},
				"up": {"uv": [0, 0, 2, 6], "texture": "#6"},
				"down": {"uv": [0, 0, 2, 6], "texture": "#6"}
			}
		},
		{
			"from": [7, 9, 4],
			"to": [9, 11, 6],
			"rotation": {"angle": 0, "axis": "y", "origin": [7, 11, 4]},
			"faces": {
				"north": {"uv": [0, 0, 2, 2], "texture": "#6"},
				"east": {"uv": [0, 0, 2, 2], "texture": "#6"},
				"south": {"uv": [0, 0, 2, 2], "texture": "#6"},
				"west": {"uv": [0, 0, 2, 2], "texture": "#6"},
				"up": {"uv": [0, 0, 2, 2], "texture": "#6"},
				"down": {"uv": [0, 0, 2, 2], "texture": "#6"}
			}
		},
		{
			"from": [7.25, 11, 4.25],
			"to": [7.5, 11.25, 4.5],
			"rotation": {"angle": 0, "axis": "y", "origin": [7, 11.5, 2.5]},
			"faces": {
				"north": {"uv": [0, 0, 0.25, 0.25], "texture": "#6"},
				"east": {"uv": [0, 0, 0.25, 0.25], "texture": "#6"},
				"south": {"uv": [0, 0, 0.25, 0.25], "texture": "#6"},
				"west": {"uv": [0, 0, 0.25, 0.25], "texture": "#6"},
				"up": {"uv": [0, 0, 0.25, 0.25], "texture": "#6"},
				"down": {"uv": [0, 0, 0.25, 0.25], "texture": "#6"}
			}
		},
		{
			"from": [8.5, 11, 4.25],
			"to": [8.75, 11.25, 4.5],
			"rotation": {"angle": 0, "axis": "y", "origin": [8.25, 11.5, 2.5]},
			"faces": {
				"north": {"uv": [0, 0, 0.25, 0.25], "texture": "#6"},
				"east": {"uv": [0, 0, 0.25, 0.25], "texture": "#6"},
				"south": {"uv": [0, 0, 0.25, 0.25], "texture": "#6"},
				"west": {"uv": [0, 0, 0.25, 0.25], "texture": "#6"},
				"up": {"uv": [0, 0, 0.25, 0.25], "texture": "#6"},
				"down": {"uv": [0, 0, 0.25, 0.25], "texture": "#6"}
			}
		},
		{
			"from": [8.5, 8.75, 4.25],
			"to": [8.75, 9, 4.5],
			"rotation": {"angle": 0, "axis": "y", "origin": [8.25, 9.25, 2.5]},
			"faces": {
				"north": {"uv": [7.82813, 9.78125, 10.67188, 12.125], "texture": "#8"},
				"east": {"uv": [0, 0, 0.25, 0.25], "texture": "#8"},
				"south": {"uv": [0, 0, 0.25, 0.25], "texture": "#8"},
				"west": {"uv": [0, 0, 0.25, 0.25], "texture": "#8"},
				"up": {"uv": [0, 0, 0.25, 0.25], "texture": "#8"},
				"down": {"uv": [0, 0, 0.25, 0.25], "texture": "#8"}
			}
		},
		{
			"from": [7.25, 8.75, 4.25],
			"to": [7.5, 9, 4.5],
			"rotation": {"angle": 0, "axis": "y", "origin": [7, 9.25, 2.5]},
			"faces": {
				"north": {"uv": [13, 13.35938, 15.70313, 15.89063], "texture": "#8"},
				"east": {"uv": [13, 13.35938, 15.70313, 15.89063], "texture": "#8"},
				"south": {"uv": [13, 13.35938, 15.70313, 15.89063], "texture": "#8"},
				"west": {"uv": [13, 13.35938, 15.70313, 15.89063], "texture": "#8"},
				"up": {"uv": [13, 13.35938, 15.70313, 15.89063], "texture": "#8"},
				"down": {"uv": [13, 13.35938, 15.70313, 15.89063], "texture": "#8"}
			}
		},
		{
			"from": [5.25, 11, 5.75],
			"to": [7, 13, 6],
			"rotation": {"angle": 0, "axis": "y", "origin": [5, 13, 4]},
			"faces": {
				"north": {"uv": [0, 0, 15.76563, 15.96875], "texture": "#5"},
				"east": {"uv": [6.8125, 3.25, 9.125, 6.8125], "texture": "#5"},
				"south": {"uv": [0, 0, 1.75, 2], "texture": "#5"},
				"west": {"uv": [8.625, 5.125, 9.9375, 7.4375], "texture": "#5"},
				"up": {"uv": [11.75, 3.5, 13.5, 4.125], "texture": "#5"},
				"down": {"uv": [10.75, 5.5, 13.6875, 7.3125], "texture": "#5"}
			}
		},
		{
			"from": [5, 13, 5.5],
			"to": [7.25, 13.25, 6],
			"rotation": {"angle": 0, "axis": "y", "origin": [5, 13.25, 4]},
			"faces": {
				"north": {"uv": [0, 0, 15.76563, 15.96875], "texture": "#6"},
				"east": {"uv": [6.8125, 3.25, 9.125, 6.8125], "texture": "#6"},
				"south": {"uv": [0, 0, 1.75, 2], "texture": "#6"},
				"west": {"uv": [8.625, 5.125, 9.9375, 7.4375], "texture": "#6"},
				"up": {"uv": [11.75, 3.5, 13.5, 4.125], "texture": "#6"},
				"down": {"uv": [10.75, 5.5, 13.6875, 7.3125], "texture": "#6"}
			}
		},
		{
			"from": [8.75, 13, 5.5],
			"to": [11, 13.25, 6],
			"rotation": {"angle": 0, "axis": "y", "origin": [8.75, 13.25, 4]},
			"faces": {
				"north": {"uv": [0, 0, 15.76563, 15.96875], "texture": "#6"},
				"east": {"uv": [6.8125, 3.25, 9.125, 6.8125], "texture": "#6"},
				"south": {"uv": [0, 0, 1.75, 2], "texture": "#6"},
				"west": {"uv": [8.625, 5.125, 9.9375, 7.4375], "texture": "#6"},
				"up": {"uv": [11.75, 3.5, 13.5, 4.125], "texture": "#6"},
				"down": {"uv": [10.75, 5.5, 13.6875, 7.3125], "texture": "#6"}
			}
		},
		{
			"from": [9, 11, 5.75],
			"to": [10.75, 13, 6],
			"rotation": {"angle": 0, "axis": "y", "origin": [9.875, 12, 5.875]},
			"faces": {
				"north": {"uv": [0, 0, 16, 15.8125], "texture": "#5"},
				"east": {"uv": [0, 0, 0.25, 2], "texture": "#5"},
				"south": {"uv": [0, 0, 1.75, 2], "texture": "#5"},
				"west": {"uv": [0, 0, 0.25, 2], "texture": "#5"},
				"up": {"uv": [0, 0, 0.57813, 3.40625], "texture": "#5"},
				"down": {"uv": [0, 0, 1.75, 0.25], "texture": "#5"}
			}
		},
		{
			"from": [7, 8.25, 4],
			"to": [9, 8.75, 6],
			"rotation": {"angle": 0, "axis": "y", "origin": [7, 8.75, 4]},
			"faces": {
				"north": {"uv": [0, 0, 2, 0.5], "texture": "#6"},
				"east": {"uv": [0, 0, 2, 0.5], "texture": "#6"},
				"south": {"uv": [0, 0, 2, 0.5], "texture": "#6"},
				"west": {"uv": [0, 0, 2, 0.5], "texture": "#6"},
				"up": {"uv": [0, 0, 2, 2], "texture": "#6"},
				"down": {"uv": [0, 0, 2, 2], "texture": "#6"}
			}
		},
		{
			"from": [7.5, 8.75, 4.5],
			"to": [8.5, 9, 6],
			"rotation": {"angle": 0, "axis": "y", "origin": [7, 9.25, 4]},
			"faces": {
				"north": {"uv": [0, 0, 1, 0.25], "texture": "#9"},
				"east": {"uv": [0, 0, 1.5, 0.25], "texture": "#9"},
				"south": {"uv": [0, 0, 1, 0.25], "texture": "#9"},
				"west": {"uv": [0, 0, 1.5, 0.25], "texture": "#9"},
				"up": {"uv": [0, 0, 1, 1.5], "texture": "#9"},
				"down": {"uv": [0, 0, 1, 1.5], "texture": "#9"}
			}
		},
		{
			"from": [7, 8, 10],
			"to": [9, 14, 12],
			"rotation": {"angle": 0, "axis": "y", "origin": [7, 2, 10]},
			"faces": {
				"north": {"uv": [0, 0, 2, 6], "texture": "#6"},
				"east": {"uv": [0, 0, 2, 6], "texture": "#6"},
				"south": {"uv": [0, 0, 2, 6], "texture": "#6"},
				"west": {"uv": [0, 0, 2, 6], "texture": "#6"},
				"up": {"uv": [0, 0, 2, 2], "texture": "#6"},
				"down": {"uv": [0, 0, 2, 2], "texture": "#6"}
			}
		},
		{
			"from": [7, 4, 10],
			"to": [9, 8, 11],
			"rotation": {"angle": 0, "axis": "y", "origin": [7, -4, 10]},
			"faces": {
				"north": {"uv": [0, 0, 2, 4], "texture": "#6"},
				"east": {"uv": [0, 0, 1, 4], "texture": "#6"},
				"south": {"uv": [0, 0, 2, 4], "texture": "#6"},
				"west": {"uv": [0, 0, 1, 4], "texture": "#6"},
				"up": {"uv": [0, 0, 2, 1], "texture": "#6"},
				"down": {"uv": [0, 0, 2, 1], "texture": "#6"}
			}
		},
		{
			"from": [7, 4, 10],
			"to": [9, 8, 11],
			"rotation": {"angle": 0, "axis": "y", "origin": [7, -4, 10]},
			"faces": {
				"north": {"uv": [0, 0, 2, 4], "texture": "#6"},
				"east": {"uv": [0, 0, 1, 4], "texture": "#6"},
				"south": {"uv": [0, 0, 2, 4], "texture": "#6"},
				"west": {"uv": [0, 0, 1, 4], "texture": "#6"},
				"up": {"uv": [0, 0, 2, 1], "texture": "#6"},
				"down": {"uv": [0, 0, 2, 1], "texture": "#6"}
			}
		}
	],
	"display": {
		"thirdperson_righthand": {
			"rotation": [3.59, 85.38, 1.33],
			"translation": [0, 3.25, 3.25],
			"scale": [0.39844, 0.39844, 0.39844]
		},
		"firstperson_righthand": {
			"rotation": [3.59, 85.38, 1.33],
			"translation": [-1.25, 4.25, 3.25],
			"scale": [0.39844, 0.39844, 0.39844]
		}
	}
}