{
  "credit": "Made with Blockbench",
  "textures": {
    "0": "shroud:item/banana_peel",
    "1": "shroud:item/banana_core"
  },
  "elements": [
    {
      "from": [7, 8, 6],
      "to": [9, 10, 8],
      "rotation": {"angle": 0, "axis": "y", "origin": [7, 8, 6]},
      "faces": {
        "north": {"uv": [0, 0, 16, 16], "texture": "#1"},
        "east": {"uv": [0, 0, 16, 16], "texture": "#1"},
        "south": {"uv": [0, 0, 16, 16], "texture": "#1"},
        "west": {"uv": [0, 0, 16, 16], "texture": "#1"},
        "up": {"uv": [0, 0, 16, 16], "texture": "#1"},
        "down": {"uv": [0, 0, 16, 16], "texture": "#1"}
      }
    },
    {
      "from": [7, 1, 6],
      "to": [9, 5, 8],
      "rotation": {"angle": 0, "axis": "y", "origin": [7, 1, 6]},
      "faces": {
        "north": {"uv": [0, 0, 8, 16], "texture": "#0"},
        "east": {"uv": [0, 0, 8, 16], "texture": "#0"},
        "south": {"uv": [0, 0, 8, 16], "texture": "#0"},
        "west": {"uv": [0, 0, 8, 16], "texture": "#0"},
        "up": {"uv": [0, 0, 8, 8], "texture": "#0"},
        "down": {"uv": [0, 0, 8, 8], "texture": "#0"}
      }
    },
    {
      "from": [5, 5, 6],
      "to": [11, 8, 8],
      "rotation": {"angle": 0, "axis": "y", "origin": [8, 6, 6]},
      "faces": {
        "north": {"uv": [0, 0, 16, 12], "texture": "#0"},
        "east": {"uv": [0, 0, 8, 12], "texture": "#0"},
        "south": {"uv": [0, 0, 16, 12], "texture": "#0"},
        "west": {"uv": [0, 0, 8, 12], "texture": "#0"},
        "up": {"uv": [0, 0, 16, 8], "texture": "#0"},
        "down": {"uv": [0, 0, 16, 8], "texture": "#0"}
      }
    },
    {
      "from": [7, 5, 5],
      "to": [9, 8, 6],
      "rotation": {"angle": 0, "axis": "y", "origin": [7, 6, 4]},
      "faces": {
        "north": {"uv": [0, 0, 8, 12], "texture": "#0"},
        "east": {"uv": [0, 0, 4, 12], "texture": "#0"},
        "south": {"uv": [0, 0, 8, 12], "texture": "#0"},
        "west": {"uv": [0, 0, 4, 12], "texture": "#0"},
        "up": {"uv": [0, 0, 8, 4], "texture": "#0"},
        "down": {"uv": [0, 0, 8, 4], "texture": "#0"}
      }
    },
    {
      "from": [7, 5, 8],
      "to": [9, 8, 9],
      "rotation": {"angle": 0, "axis": "y", "origin": [7, 6, 7]},
      "faces": {
        "north": {"uv": [0, 0, 8, 12], "texture": "#0"},
        "east": {"uv": [0, 0, 4, 12], "texture": "#0"},
        "south": {"uv": [0, 0, 8, 12], "texture": "#0"},
        "west": {"uv": [0, 0, 4, 12], "texture": "#0"},
        "up": {"uv": [0, 0, 8, 4], "texture": "#0"},
        "down": {"uv": [0, 0, 8, 4], "texture": "#0"}
      }
    },
    {
      "from": [7, 2, 4],
      "to": [9, 5, 5],
      "rotation": {"angle": 0, "axis": "y", "origin": [7, 3, 3]},
      "faces": {
        "north": {"uv": [0, 0, 8, 12], "texture": "#0"},
        "east": {"uv": [0, 0, 4, 12], "texture": "#0"},
        "south": {"uv": [0, 0, 8, 12], "texture": "#0"},
        "west": {"uv": [0, 0, 4, 12], "texture": "#0"},
        "up": {"uv": [0, 0, 8, 4], "texture": "#0"},
        "down": {"uv": [0, 0, 8, 4], "texture": "#0"}
      }
    },
    {
      "from": [11, 3, 6],
      "to": [12, 5, 8],
      "rotation": {"angle": 0, "axis": "y", "origin": [8, 3, 6]},
      "faces": {
        "north": {"uv": [0, 0, 4, 8], "texture": "#0"},
        "east": {"uv": [0, 0, 8, 8], "texture": "#0"},
        "south": {"uv": [0, 0, 4, 8], "texture": "#0"},
        "west": {"uv": [0, 0, 8, 8], "texture": "#0"},
        "up": {"uv": [0, 0, 4, 8], "texture": "#0"},
        "down": {"uv": [0, 0, 4, 8], "texture": "#0"}
      }
    },
    {
      "from": [4, 3, 6],
      "to": [5, 5, 8],
      "rotation": {"angle": 0, "axis": "y", "origin": [1, 3, 6]},
      "faces": {
        "north": {"uv": [0, 0, 4, 8], "texture": "#0"},
        "east": {"uv": [0, 0, 8, 8], "texture": "#0"},
        "south": {"uv": [0, 0, 4, 8], "texture": "#0"},
        "west": {"uv": [0, 0, 8, 8], "texture": "#0"},
        "up": {"uv": [0, 0, 4, 8], "texture": "#0"},
        "down": {"uv": [0, 0, 4, 8], "texture": "#0"}
      }
    },
    {
      "from": [7, 10, 6],
      "to": [9, 12, 8],
      "rotation": {"angle": 0, "axis": "y", "origin": [7, 10, 6]},
      "faces": {
        "north": {"uv": [0, 0, 16, 16], "texture": "#1"},
        "east": {"uv": [0, 0, 16, 16], "texture": "#1"},
        "south": {"uv": [0, 0, 16, 16], "texture": "#1"},
        "west": {"uv": [0, 0, 16, 16], "texture": "#1"},
        "up": {"uv": [0, 0, 16, 16], "texture": "#1"},
        "down": {"uv": [0, 0, 16, 16], "texture": "#1"}
      }
    },
    {
      "from": [7, 12, 6],
      "to": [9, 14, 8],
      "rotation": {"angle": 0, "axis": "y", "origin": [7, 12, 6]},
      "faces": {
        "north": {"uv": [0, 0, 16, 16], "texture": "#1"},
        "east": {"uv": [0, 0, 16, 16], "texture": "#1"},
        "south": {"uv": [0, 0, 16, 16], "texture": "#1"},
        "west": {"uv": [0, 0, 16, 16], "texture": "#1"},
        "up": {"uv": [0, 0, 16, 16], "texture": "#1"},
        "down": {"uv": [0, 0, 16, 16], "texture": "#1"}
      }
    },
    {
      "from": [8, 14, 6],
      "to": [10, 16, 8],
      "rotation": {"angle": 0, "axis": "y", "origin": [8, 14, 6]},
      "faces": {
        "north": {"uv": [0, 0, 16, 16], "texture": "#1"},
        "east": {"uv": [0, 0, 16, 16], "texture": "#1"},
        "south": {"uv": [0, 0, 16, 16], "texture": "#1"},
        "west": {"uv": [0, 0, 16, 16], "texture": "#1"},
        "up": {"uv": [0, 0, 16, 16], "texture": "#1"},
        "down": {"uv": [0, 0, 16, 16], "texture": "#1"}
      }
    }
  ],
  "display": {
    "thirdperson_righthand": {
      "translation": [0, 2.25, 2.25]
    },
    "thirdperson_lefthand": {
      "translation": [0, 2.25, 2.25]
    },
    "firstperson_righthand": {
      "scale": [1.36719, 2.02734, 1.14844]
    },
    "firstperson_lefthand": {
      "scale": [1.14844, 2.4668, 1.14844]
    },
    "ground": {
      "rotation": [49.71, 5.6, 9.71]
    },
    "head": {
      "translation": [0, 7.75, 0]
    }
  }
}