{
	"credit": "Made with Blockbench",
	"textures": {
		"0": "shroud:item/crystal_beam",
		"particle": "shroud:item/crystal_beam"
	},
	"elements": [
		{
			"from": [6, 0, 6],
			"to": [8, 32, 8],
			"rotation": {"angle": 0, "axis": "y", "origin": [6, 0, 6]},
			"faces": {
				"north": {"uv": [0, 0, 2, 16], "texture": "#0"},
				"east": {"uv": [0, 0, 2, 16], "texture": "#0"},
				"south": {"uv": [0, 0, 2, 16], "texture": "#0"},
				"west": {"uv": [0, 0, 2, 16], "texture": "#0"},
				"up": {"uv": [0, 0, 2, 2], "texture": "#0"},
				"down": {"uv": [0, 0, 2, 2], "texture": "#0"}
			}
		},
		{
			"from": [4, 0, 4],
			"to": [10, 32, 10],
			"rotation": {"angle": 0, "axis": "y", "origin": [6, 0, 6]},
			"faces": {
				"north": {"uv": [0, 0, 6, 16], "texture": "#0"},
				"east": {"uv": [0, 0, 6, 16], "texture": "#0"},
				"south": {"uv": [0, 0, 6, 16], "texture": "#0"},
				"west": {"uv": [0, 0, 6, 16], "texture": "#0"},
				"up": {"uv": [0, 0, 6, 6], "texture": "#0"},
				"down": {"uv": [0, 0, 6, 6], "texture": "#0"}
			}
		}
	]
}