{
	"format_version": "1.9.0",
	"credit": "Made with Blockbench",
	"textures": {
		"4": "shroud:item/dauntless"
	},
	"elements": [
		{
			"from": [7, 6, 11.25],
			"to": [9, 8, 12.25],
			"rotation": {"angle": 0, "axis": "y", "origin": [7, 6, 10.25]},
			"faces": {
				"north": {"uv": [0, 0, 2, 2], "texture": "#4"},
				"east": {"uv": [0, 0, 1, 2], "texture": "#4"},
				"south": {"uv": [0, 0, 2, 2], "texture": "#4"},
				"west": {"uv": [0, 0, 1, 2], "texture": "#4"},
				"up": {"uv": [0, 0, 2, 1], "texture": "#4"},
				"down": {"uv": [0, 0, 2, 1], "texture": "#4"}
			}
		},
		{
			"from": [7, 1.25, 9.75],
			"to": [9, 2.25, 10.75],
			"rotation": {"angle": 0, "axis": "x", "origin": [7, 0.25, 8.75]},
			"faces": {
				"north": {"uv": [0, 0, 2, 1], "texture": "#4"},
				"east": {"uv": [0, 0, 1, 1], "texture": "#4"},
				"south": {"uv": [0, 0, 2, 1], "texture": "#4"},
				"west": {"uv": [0, 0, 1, 1], "texture": "#4"},
				"up": {"uv": [0, 0, 2, 1], "texture": "#4"},
				"down": {"uv": [0, 0, 2, 1], "texture": "#4"}
			}
		},
		{
			"from": [9, 1.25, 9.75],
			"to": [11, 2.25, 10.75],
			"rotation": {"angle": 0, "axis": "x", "origin": [9, 0.25, 8.75]},
			"faces": {
				"north": {"uv": [0, 0, 2, 1], "texture": "#4"},
				"east": {"uv": [0, 0, 1, 1], "texture": "#4"},
				"south": {"uv": [0, 0, 2, 1], "texture": "#4"},
				"west": {"uv": [0, 0, 1, 1], "texture": "#4"},
				"up": {"uv": [0, 0, 2, 1], "texture": "#4"},
				"down": {"uv": [0, 0, 2, 1], "texture": "#4"}
			}
		},
		{
			"from": [5, 1.25, 9.75],
			"to": [7, 2.25, 10.75],
			"rotation": {"angle": 0, "axis": "y", "origin": [5, 0.25, 8.75]},
			"faces": {
				"north": {"uv": [0, 0, 2, 1], "texture": "#4"},
				"east": {"uv": [0, 0, 1, 1], "texture": "#4"},
				"south": {"uv": [0, 0, 2, 1], "texture": "#4"},
				"west": {"uv": [0, 0, 1, 1], "texture": "#4"},
				"up": {"uv": [0, 0, 2, 1], "texture": "#4"},
				"down": {"uv": [0, 0, 2, 1], "texture": "#4"}
			}
		},
		{
			"from": [7, 11.25, 10],
			"to": [9, 12.25, 11],
			"rotation": {"angle": -22.5, "axis": "x", "origin": [7, 11.25, 9]},
			"faces": {
				"north": {"uv": [0, 0, 2, 1], "texture": "#4"},
				"east": {"uv": [0, 0, 1, 1], "texture": "#4"},
				"south": {"uv": [0, 0, 2, 1], "texture": "#4"},
				"west": {"uv": [0, 0, 1, 1], "texture": "#4"},
				"up": {"uv": [0, 0, 2, 1], "texture": "#4"},
				"down": {"uv": [0, 0, 2, 1], "texture": "#4"}
			}
		},
		{
			"from": [9, 11.25, 10],
			"to": [11, 12.25, 11],
			"rotation": {"angle": -22.5, "axis": "x", "origin": [9, 11.25, 9]},
			"faces": {
				"north": {"uv": [0, 0, 2, 1], "texture": "#4"},
				"east": {"uv": [0, 0, 1, 1], "texture": "#4"},
				"south": {"uv": [0, 0, 2, 1], "texture": "#4"},
				"west": {"uv": [0, 0, 1, 1], "texture": "#4"},
				"up": {"uv": [0, 0, 2, 1], "texture": "#4"},
				"down": {"uv": [0, 0, 2, 1], "texture": "#4"}
			}
		},
		{
			"from": [5, 11.25, 10],
			"to": [7, 12.25, 11],
			"rotation": {"angle": -22.5, "axis": "x", "origin": [5, 11.25, 9]},
			"faces": {
				"north": {"uv": [0, 0, 2, 1], "texture": "#4"},
				"east": {"uv": [0, 0, 1, 1], "texture": "#4"},
				"south": {"uv": [0, 0, 2, 1], "texture": "#4"},
				"west": {"uv": [0, 0, 1, 1], "texture": "#4"},
				"up": {"uv": [0, 0, 2, 1], "texture": "#4"},
				"down": {"uv": [0, 0, 2, 1], "texture": "#4"}
			}
		},
		{
			"from": [12.25, 6, 10],
			"to": [13.25, 8, 11],
			"rotation": {"angle": 22.5, "axis": "y", "origin": [12.25, 6, 9]},
			"faces": {
				"north": {"uv": [0, 0, 1, 2], "texture": "#4"},
				"east": {"uv": [0, 0, 1, 2], "texture": "#4"},
				"south": {"uv": [0, 0, 1, 2], "texture": "#4"},
				"west": {"uv": [0, 0, 1, 2], "texture": "#4"},
				"up": {"uv": [0, 0, 1, 1], "texture": "#4"},
				"down": {"uv": [0, 0, 1, 1], "texture": "#4"}
			}
		},
		{
			"from": [12.25, 4, 10],
			"to": [13.25, 6, 11],
			"rotation": {"angle": 22.5, "axis": "y", "origin": [12.25, 4, 9]},
			"faces": {
				"north": {"uv": [0, 0, 1, 2], "texture": "#4"},
				"east": {"uv": [0, 0, 1, 2], "texture": "#4"},
				"south": {"uv": [0, 0, 1, 2], "texture": "#4"},
				"west": {"uv": [0, 0, 1, 2], "texture": "#4"},
				"up": {"uv": [0, 0, 1, 1], "texture": "#4"},
				"down": {"uv": [0, 0, 1, 1], "texture": "#4"}
			}
		},
		{
			"from": [2.29024, 8, 9.68684],
			"to": [3.29024, 10, 10.68684],
			"rotation": {"angle": -22.5, "axis": "y", "origin": [2.29024, 9, 10.18684]},
			"faces": {
				"north": {"uv": [0, 0, 1, 2], "texture": "#4"},
				"east": {"uv": [0, 0, 1, 2], "texture": "#4"},
				"south": {"uv": [0, 0, 1, 2], "texture": "#4"},
				"west": {"uv": [0, 0, 1, 2], "texture": "#4"},
				"up": {"uv": [0, 0, 1, 1], "texture": "#4"},
				"down": {"uv": [0, 0, 1, 1], "texture": "#4"}
			}
		},
		{
			"from": [2.29024, 6, 9.68684],
			"to": [3.29024, 8, 10.68684],
			"rotation": {"angle": -22.5, "axis": "y", "origin": [2.29024, 7, 10.18684]},
			"faces": {
				"north": {"uv": [0, 0, 1, 2], "texture": "#4"},
				"east": {"uv": [0, 0, 1, 2], "texture": "#4"},
				"south": {"uv": [0, 0, 1, 2], "texture": "#4"},
				"west": {"uv": [0, 0, 1, 2], "texture": "#4"},
				"up": {"uv": [0, 0, 1, 1], "texture": "#4"},
				"down": {"uv": [0, 0, 1, 1], "texture": "#4"}
			}
		},
		{
			"from": [2.29024, 4, 9.68684],
			"to": [3.29024, 6, 10.68684],
			"rotation": {"angle": -22.5, "axis": "y", "origin": [2.29024, 5, 10.18684]},
			"faces": {
				"north": {"uv": [0, 0, 1, 2], "texture": "#4"},
				"east": {"uv": [0, 0, 1, 2], "texture": "#4"},
				"south": {"uv": [0, 0, 1, 2], "texture": "#4"},
				"west": {"uv": [0, 0, 1, 2], "texture": "#4"},
				"up": {"uv": [0, 0, 1, 1], "texture": "#4"},
				"down": {"uv": [0, 0, 1, 1], "texture": "#4"}
			}
		},
		{
			"from": [12.25, 8, 10],
			"to": [13.25, 10, 11],
			"rotation": {"angle": 22.5, "axis": "y", "origin": [12.25, 8, 9]},
			"faces": {
				"north": {"uv": [0, 0, 1, 2], "texture": "#4"},
				"east": {"uv": [0, 0, 1, 2], "texture": "#4"},
				"south": {"uv": [0, 0, 1, 2], "texture": "#4"},
				"west": {"uv": [0, 0, 1, 2], "texture": "#4"},
				"up": {"uv": [0, 0, 1, 1], "texture": "#4"},
				"down": {"uv": [0, 0, 1, 1], "texture": "#4"}
			}
		},
		{
			"from": [7, 8, 11],
			"to": [9, 10, 12],
			"rotation": {"angle": 0, "axis": "y", "origin": [7, 8, 10]},
			"faces": {
				"north": {"uv": [0, 0, 2, 2], "texture": "#4"},
				"east": {"uv": [0, 0, 1, 2], "texture": "#4"},
				"south": {"uv": [0, 0, 2, 2], "texture": "#4"},
				"west": {"uv": [0, 0, 1, 2], "texture": "#4"},
				"up": {"uv": [0, 0, 2, 1], "texture": "#4"},
				"down": {"uv": [0, 0, 2, 1], "texture": "#4"}
			}
		},
		{
			"from": [7, 4, 11],
			"to": [9, 6, 12],
			"rotation": {"angle": 0, "axis": "y", "origin": [7, 4, 10]},
			"faces": {
				"north": {"uv": [0, 0, 2, 2], "texture": "#4"},
				"east": {"uv": [0, 0, 1, 2], "texture": "#4"},
				"south": {"uv": [0, 0, 2, 2], "texture": "#4"},
				"west": {"uv": [0, 0, 1, 2], "texture": "#4"},
				"up": {"uv": [0, 0, 2, 1], "texture": "#4"},
				"down": {"uv": [0, 0, 2, 1], "texture": "#4"}
			}
		},
		{
			"from": [5, 4, 11],
			"to": [7, 10, 12],
			"rotation": {"angle": 0, "axis": "y", "origin": [5, 6, 10]},
			"faces": {
				"north": {"uv": [0, 0, 2, 6], "texture": "#4"},
				"east": {"uv": [0, 0, 1, 6], "texture": "#4"},
				"south": {"uv": [0, 0, 2, 6], "texture": "#4"},
				"west": {"uv": [0, 0, 1, 6], "texture": "#4"},
				"up": {"uv": [0, 0, 2, 1], "texture": "#4"},
				"down": {"uv": [0, 0, 2, 1], "texture": "#4"}
			}
		},
		{
			"from": [9, 4, 11],
			"to": [11, 10, 12],
			"rotation": {"angle": 0, "axis": "y", "origin": [9, 6, 10]},
			"faces": {
				"north": {"uv": [0, 0, 2, 6], "texture": "#4"},
				"east": {"uv": [0, 0, 1, 6], "texture": "#4"},
				"south": {"uv": [0, 0, 2, 6], "texture": "#4"},
				"west": {"uv": [0, 0, 1, 6], "texture": "#4"},
				"up": {"uv": [0, 0, 2, 1], "texture": "#4"},
				"down": {"uv": [0, 0, 2, 1], "texture": "#4"}
			}
		},
		{
			"from": [11, 4, 10.5],
			"to": [13, 10, 11],
			"rotation": {"angle": 0, "axis": "y", "origin": [11, 6, 9]},
			"faces": {
				"north": {"uv": [0, 0, 2, 6], "texture": "#4"},
				"east": {"uv": [0, 0, 0.5, 6], "texture": "#4"},
				"south": {"uv": [0, 0, 2, 6], "texture": "#4"},
				"west": {"uv": [0, 0, 0.5, 6], "texture": "#4"},
				"up": {"uv": [0, 0, 2, 0.5], "texture": "#4"},
				"down": {"uv": [0, 0, 2, 0.5], "texture": "#4"}
			}
		},
		{
			"from": [11, 2, 10],
			"to": [12, 3, 11],
			"rotation": {"angle": 0, "axis": "y", "origin": [11, -1, 9]},
			"faces": {
				"north": {"uv": [0, 0, 1, 1], "texture": "#4"},
				"east": {"uv": [0, 0, 1, 1], "texture": "#4"},
				"south": {"uv": [0, 0, 1, 1], "texture": "#4"},
				"west": {"uv": [0, 0, 1, 1], "texture": "#4"},
				"up": {"uv": [0, 0, 1, 1], "texture": "#4"},
				"down": {"uv": [0, 0, 1, 1], "texture": "#4"}
			}
		},
		{
			"from": [11, 11, 10],
			"to": [12, 12, 11],
			"rotation": {"angle": 0, "axis": "y", "origin": [11, 8, 9]},
			"faces": {
				"north": {"uv": [0, 0, 1, 1], "texture": "#4"},
				"east": {"uv": [0, 0, 1, 1], "texture": "#4"},
				"south": {"uv": [0, 0, 1, 1], "texture": "#4"},
				"west": {"uv": [0, 0, 1, 1], "texture": "#4"},
				"up": {"uv": [0, 0, 1, 1], "texture": "#4"},
				"down": {"uv": [0, 0, 1, 1], "texture": "#4"}
			}
		},
		{
			"from": [4, 11, 10],
			"to": [5, 12, 11],
			"rotation": {"angle": 0, "axis": "y", "origin": [4, 8, 9]},
			"faces": {
				"north": {"uv": [0, 0, 1, 1], "texture": "#4"},
				"east": {"uv": [0, 0, 1, 1], "texture": "#4"},
				"south": {"uv": [0, 0, 1, 1], "texture": "#4"},
				"west": {"uv": [0, 0, 1, 1], "texture": "#4"},
				"up": {"uv": [0, 0, 1, 1], "texture": "#4"},
				"down": {"uv": [0, 0, 1, 1], "texture": "#4"}
			}
		},
		{
			"from": [4, 2, 10],
			"to": [5, 3, 11],
			"rotation": {"angle": 0, "axis": "y", "origin": [4, -1, 9]},
			"faces": {
				"north": {"uv": [0, 0, 1, 1], "texture": "#4"},
				"east": {"uv": [0, 0, 1, 1], "texture": "#4"},
				"south": {"uv": [0, 0, 1, 1], "texture": "#4"},
				"west": {"uv": [0, 0, 1, 1], "texture": "#4"},
				"up": {"uv": [0, 0, 1, 1], "texture": "#4"},
				"down": {"uv": [0, 0, 1, 1], "texture": "#4"}
			}
		},
		{
			"from": [11, 3, 10],
			"to": [13, 4, 11],
			"rotation": {"angle": 0, "axis": "y", "origin": [11, 0, 9]},
			"faces": {
				"north": {"uv": [0, 0, 2, 1], "texture": "#4"},
				"east": {"uv": [0, 0, 1, 1], "texture": "#4"},
				"south": {"uv": [0, 0, 2, 1], "texture": "#4"},
				"west": {"uv": [0, 0, 1, 1], "texture": "#4"},
				"up": {"uv": [0, 0, 2, 1], "texture": "#4"},
				"down": {"uv": [0, 0, 2, 1], "texture": "#4"}
			}
		},
		{
			"from": [11, 10, 10],
			"to": [13, 11, 11],
			"rotation": {"angle": 0, "axis": "y", "origin": [11, 7, 9]},
			"faces": {
				"north": {"uv": [0, 0, 2, 1], "texture": "#4"},
				"east": {"uv": [0, 0, 1, 1], "texture": "#4"},
				"south": {"uv": [0, 0, 2, 1], "texture": "#4"},
				"west": {"uv": [0, 0, 1, 1], "texture": "#4"},
				"up": {"uv": [0, 0, 2, 1], "texture": "#4"},
				"down": {"uv": [0, 0, 2, 1], "texture": "#4"}
			}
		},
		{
			"from": [3, 10, 10],
			"to": [5, 11, 11],
			"rotation": {"angle": 0, "axis": "y", "origin": [4, 7, 9]},
			"faces": {
				"north": {"uv": [0, 0, 2, 1], "texture": "#4"},
				"east": {"uv": [0, 0, 1, 1], "texture": "#4"},
				"south": {"uv": [0, 0, 2, 1], "texture": "#4"},
				"west": {"uv": [0, 0, 1, 1], "texture": "#4"},
				"up": {"uv": [0, 0, 2, 1], "texture": "#4"},
				"down": {"uv": [0, 0, 2, 1], "texture": "#4"}
			}
		},
		{
			"from": [3, 3, 10],
			"to": [5, 4, 11],
			"rotation": {"angle": 0, "axis": "y", "origin": [4, 0, 9]},
			"faces": {
				"north": {"uv": [0, 0, 2, 1], "texture": "#4"},
				"east": {"uv": [0, 0, 1, 1], "texture": "#4"},
				"south": {"uv": [0, 0, 2, 1], "texture": "#4"},
				"west": {"uv": [0, 0, 1, 1], "texture": "#4"},
				"up": {"uv": [0, 0, 2, 1], "texture": "#4"},
				"down": {"uv": [0, 0, 2, 1], "texture": "#4"}
			}
		},
		{
			"from": [3, 4, 10.5],
			"to": [5, 10, 11],
			"rotation": {"angle": 0, "axis": "y", "origin": [3, 6, 9]},
			"faces": {
				"north": {"uv": [0, 0, 2, 6], "texture": "#4"},
				"east": {"uv": [0, 0, 0.5, 6], "texture": "#4"},
				"south": {"uv": [0, 0, 2, 6], "texture": "#4"},
				"west": {"uv": [0, 0, 0.5, 6], "texture": "#4"},
				"up": {"uv": [0, 0, 2, 0.5], "texture": "#4"},
				"down": {"uv": [0, 0, 2, 0.5], "texture": "#4"}
			}
		},
		{
			"from": [5, 10, 10.5],
			"to": [11, 11.75, 11],
			"rotation": {"angle": 0, "axis": "z", "origin": [7, 12, 9]},
			"faces": {
				"north": {"uv": [0, 0, 1.75, 6], "rotation": 270, "texture": "#4"},
				"east": {"uv": [0, 0, 1.75, 0.5], "rotation": 90, "texture": "#4"},
				"south": {"uv": [0, 0, 1.75, 6], "rotation": 90, "texture": "#4"},
				"west": {"uv": [0, 0, 1.75, 0.5], "rotation": 90, "texture": "#4"},
				"up": {"uv": [0, 0, 0.5, 6], "rotation": 90, "texture": "#4"},
				"down": {"uv": [0, 0, 0.5, 6], "rotation": 90, "texture": "#4"}
			}
		},
		{
			"from": [5, 2, 10.5],
			"to": [11, 4, 11],
			"rotation": {"angle": 0, "axis": "z", "origin": [7, 4, 9]},
			"faces": {
				"north": {"uv": [0, 0, 2, 6], "rotation": 270, "texture": "#4"},
				"east": {"uv": [0, 0, 2, 0.5], "rotation": 90, "texture": "#4"},
				"south": {"uv": [0, 0, 2, 6], "rotation": 90, "texture": "#4"},
				"west": {"uv": [0, 0, 2, 0.5], "rotation": 90, "texture": "#4"},
				"up": {"uv": [0, 0, 0.5, 6], "rotation": 90, "texture": "#4"},
				"down": {"uv": [0, 0, 0.5, 6], "rotation": 90, "texture": "#4"}
			}
		}
	],
	"display": {
		"thirdperson_lefthand": {
			"rotation": [152.41, 81.12, -156.77],
			"translation": [-2.75, -1.5, 2.5],
			"scale": [1.55078, 1.55078, 1.55078]
		},
		"firstperson_lefthand": {
			"rotation": [152.41, 81.12, -156.77],
			"translation": [-2.75, -0.25, 2.5],
			"scale": [1.55078, 1.55078, 1.55078]
		}
	},
	"groups": [
		{
			"name": "group",
			"origin": [7, 4, 9],
			"color": 0,
			"children": [0, 1, 2, 3, 4, 5, 6, 7, 8, 9, 10, 11, 12, 13, 14, 15, 16, 17, 18, 19, 20, 21, 22, 23, 24, 25, 26, 27, 28]
		}
	]
}