{
	"credit": "Made with Blockbench",
	"textures": {
		"1": "shroud:item/ender_claw_nail",
		"2": "shroud:item/ender_claw_hand"
	},
	"elements": [
		{
			"from": [6, 0, 6],
			"to": [8, 3, 9],
			"rotation": {"angle": 0, "axis": "y", "origin": [6, 0, 6]},
			"faces": {
				"north": {"uv": [0, 0, 2, 3], "texture": "#2"},
				"east": {"uv": [0, 0, 3, 3], "texture": "#2"},
				"south": {"uv": [0, 0, 2, 3], "texture": "#2"},
				"west": {"uv": [0, 0, 3, 3], "texture": "#2"},
				"up": {"uv": [0, 0, 2, 3], "texture": "#2"},
				"down": {"uv": [0, 0, 2, 3], "texture": "#2"}
			}
		},
		{
			"from": [5, 3, 5],
			"to": [7, 6, 10],
			"rotation": {"angle": 0, "axis": "y", "origin": [5, 3, 6]},
			"faces": {
				"north": {"uv": [0, 0, 2, 3], "texture": "#2"},
				"east": {"uv": [0, 0, 5, 3], "texture": "#2"},
				"south": {"uv": [0, 0, 2, 3], "texture": "#2"},
				"west": {"uv": [0, 0, 5, 3], "texture": "#2"},
				"up": {"uv": [0, 0, 2, 5], "texture": "#2"},
				"down": {"uv": [0, 0, 2, 5], "texture": "#2"}
			}
		},
		{
			"from": [10, 3, 6],
			"to": [11, 6, 9],
			"rotation": {"angle": 0, "axis": "y", "origin": [10, 3, 6]},
			"faces": {
				"north": {"uv": [0, 0, 1, 3], "texture": "#2"},
				"east": {"uv": [0, 0, 3, 3], "texture": "#2"},
				"south": {"uv": [0, 0, 1, 3], "texture": "#2"},
				"west": {"uv": [0, 0, 3, 3], "texture": "#2"},
				"up": {"uv": [0, 0, 1, 3], "texture": "#2"},
				"down": {"uv": [0, 0, 1, 3], "texture": "#2"}
			}
		},
		{
			"from": [7, 3, 9],
			"to": [11, 6, 10],
			"rotation": {"angle": 0, "axis": "y", "origin": [11, 3, 9]},
			"faces": {
				"north": {"uv": [0, 0, 4, 3], "texture": "#2"},
				"east": {"uv": [0, 0, 1, 3], "texture": "#2"},
				"south": {"uv": [0, 0, 4, 3], "texture": "#2"},
				"west": {"uv": [0, 0, 1, 3], "texture": "#2"},
				"up": {"uv": [0, 0, 1, 4], "rotation": 90, "texture": "#2"},
				"down": {"uv": [0, 0, 1, 4], "rotation": 270, "texture": "#2"}
			}
		},
		{
			"from": [7, 3, 5],
			"to": [11, 6, 6],
			"rotation": {"angle": 0, "axis": "y", "origin": [11, 3, 4]},
			"faces": {
				"north": {"uv": [0, 0, 4, 3], "texture": "#2"},
				"east": {"uv": [0, 0, 1, 3], "texture": "#2"},
				"south": {"uv": [0, 0, 4, 3], "texture": "#2"},
				"west": {"uv": [0, 0, 1, 3], "texture": "#2"},
				"up": {"uv": [0, 0, 1, 4], "rotation": 90, "texture": "#2"},
				"down": {"uv": [0, 0, 1, 4], "rotation": 270, "texture": "#2"}
			}
		},
		{
			"from": [7, 3, 4],
			"to": [10, 6, 5],
			"rotation": {"angle": 0, "axis": "y", "origin": [11, 3, 4]},
			"faces": {
				"north": {"uv": [0, 0, 3, 3], "texture": "#2"},
				"east": {"uv": [0, 0, 1, 3], "texture": "#2"},
				"south": {"uv": [0, 0, 3, 3], "texture": "#2"},
				"west": {"uv": [0, 0, 1, 3], "texture": "#2"},
				"up": {"uv": [0, 0, 1, 3], "rotation": 90, "texture": "#2"},
				"down": {"uv": [0, 0, 1, 3], "rotation": 270, "texture": "#2"}
			}
		},
		{
			"from": [7, 6, 4],
			"to": [9, 7, 5],
			"rotation": {"angle": 0, "axis": "y", "origin": [11, 6, 4]},
			"faces": {
				"north": {"uv": [0, 0, 2, 1], "texture": "#2"},
				"east": {"uv": [0, 0, 1, 1], "texture": "#2"},
				"south": {"uv": [0, 0, 2, 1], "texture": "#2"},
				"west": {"uv": [0, 0, 1, 1], "texture": "#2"},
				"up": {"uv": [0, 0, 1, 2], "rotation": 90, "texture": "#2"},
				"down": {"uv": [0, 0, 1, 2], "rotation": 270, "texture": "#2"}
			}
		},
		{
			"from": [5, 6, 5],
			"to": [6, 9, 6],
			"rotation": {"angle": 0, "axis": "y", "origin": [5, 6, 6]},
			"faces": {
				"north": {"uv": [0, 0, 1, 3], "texture": "#2"},
				"east": {"uv": [0, 0, 1, 3], "texture": "#2"},
				"south": {"uv": [0, 0, 1, 3], "texture": "#2"},
				"west": {"uv": [0, 0, 1, 3], "texture": "#2"},
				"up": {"uv": [0, 0, 1, 1], "texture": "#2"},
				"down": {"uv": [0, 0, 1, 1], "texture": "#2"}
			}
		},
		{
			"from": [5.25, 9, 5.25],
			"to": [5.75, 12, 5.75],
			"rotation": {"angle": 0, "axis": "y", "origin": [5, 9, 6]},
			"faces": {
				"north": {"uv": [0, 0, 0.5, 3], "texture": "#1"},
				"east": {"uv": [0, 0, 0.5, 3], "texture": "#1"},
				"south": {"uv": [0, 0, 0.5, 3], "texture": "#1"},
				"west": {"uv": [0, 0, 0.5, 3], "texture": "#1"},
				"up": {"uv": [0, 0, 0.5, 0.5], "texture": "#1"},
				"down": {"uv": [0, 0, 0.5, 0.5], "texture": "#1"}
			}
		},
		{
			"from": [7.25, 7, 4.25],
			"to": [8.75, 8, 4.75],
			"rotation": {"angle": 0, "axis": "y", "origin": [8, 7, 5]},
			"faces": {
				"north": {"uv": [0, 0, 1.5, 1], "texture": "#1"},
				"east": {"uv": [0, 0, 0.5, 1], "texture": "#1"},
				"south": {"uv": [0, 0, 1.5, 1], "texture": "#1"},
				"west": {"uv": [0, 0, 0.5, 1], "texture": "#1"},
				"up": {"uv": [0, 0, 1.5, 0.5], "texture": "#1"},
				"down": {"uv": [0, 0, 1.5, 0.5], "texture": "#1"}
			}
		},
		{
			"from": [7.25, 8, 4.25],
			"to": [7.75, 9, 4.75],
			"rotation": {"angle": 0, "axis": "y", "origin": [8, 8, 5]},
			"faces": {
				"north": {"uv": [0, 0, 0.5, 1], "texture": "#1"},
				"east": {"uv": [0, 0, 0.5, 1], "texture": "#1"},
				"south": {"uv": [0, 0, 0.5, 1], "texture": "#1"},
				"west": {"uv": [0, 0, 0.5, 1], "texture": "#1"},
				"up": {"uv": [0, 0, 0.5, 0.5], "texture": "#1"},
				"down": {"uv": [0, 0, 0.5, 0.5], "texture": "#1"}
			}
		},
		{
			"from": [5.25, 9, 7.25],
			"to": [5.75, 12, 7.75],
			"rotation": {"angle": 0, "axis": "y", "origin": [5, 9, 8]},
			"faces": {
				"north": {"uv": [0, 0, 0.5, 3], "texture": "#1"},
				"east": {"uv": [0, 0, 0.5, 3], "texture": "#1"},
				"south": {"uv": [0, 0, 0.5, 3], "texture": "#1"},
				"west": {"uv": [0, 0, 0.5, 3], "texture": "#1"},
				"up": {"uv": [0, 0, 0.5, 0.5], "texture": "#1"},
				"down": {"uv": [0, 0, 0.5, 0.5], "texture": "#1"}
			}
		},
		{
			"from": [5.25, 9, 9.25],
			"to": [5.75, 12, 9.75],
			"rotation": {"angle": 0, "axis": "y", "origin": [5, 9, 10]},
			"faces": {
				"north": {"uv": [0, 0, 0.5, 3], "texture": "#1"},
				"east": {"uv": [0, 0, 0.5, 3], "texture": "#1"},
				"south": {"uv": [0, 0, 0.5, 3], "texture": "#1"},
				"west": {"uv": [0, 0, 0.5, 3], "texture": "#1"},
				"up": {"uv": [0, 0, 0.5, 0.5], "texture": "#1"},
				"down": {"uv": [0, 0, 0.5, 0.5], "texture": "#1"}
			}
		},
		{
			"from": [5, 6, 7],
			"to": [6, 9, 8],
			"rotation": {"angle": 0, "axis": "y", "origin": [5, 6, 8]},
			"faces": {
				"north": {"uv": [0, 0, 1, 3], "texture": "#2"},
				"east": {"uv": [0, 0, 1, 3], "texture": "#2"},
				"south": {"uv": [0, 0, 1, 3], "texture": "#2"},
				"west": {"uv": [0, 0, 1, 3], "texture": "#2"},
				"up": {"uv": [0, 0, 1, 1], "texture": "#2"},
				"down": {"uv": [0, 0, 1, 1], "texture": "#2"}
			}
		},
		{
			"from": [5, 6, 9],
			"to": [6, 9, 10],
			"rotation": {"angle": 0, "axis": "y", "origin": [5, 6, 10]},
			"faces": {
				"north": {"uv": [0, 0, 1, 3], "texture": "#2"},
				"east": {"uv": [0, 0, 1, 3], "texture": "#2"},
				"south": {"uv": [0, 0, 1, 3], "texture": "#2"},
				"west": {"uv": [0, 0, 1, 3], "texture": "#2"},
				"up": {"uv": [0, 0, 1, 1], "texture": "#2"},
				"down": {"uv": [0, 0, 1, 1], "texture": "#2"}
			}
		}
	],
	"display": {
		"thirdperson_righthand": {
			"rotation": [90.29, -0.36, -179.72],
			"translation": [0.25, -2.5, -1.75]
		},
		"thirdperson_lefthand": {
			"translation": [0.25, 5.25, 2.25]
		},
		"firstperson_righthand": {
			"rotation": [122.04, -0.36, -179.72],
			"translation": [0.25, 1, -2]
		},
		"firstperson_lefthand": {
			"translation": [0.25, 5.25, 2.25]
		},
		"ground": {
			"rotation": [26.2, -5.75, -24.42],
			"translation": [0, 3, 0]
		},
		"gui": {
			"rotation": [0, 0, -41.75],
			"translation": [2.25, 1, 0]
		}
	}
}