{
	"format_version": "1.21.6",
	"credit": "Made with Blockbench",
	"textures": {
		"0": "shroud:item/fire_fist",
		"particle": "shroud:item/fire_fist"
	},
	"elements": [
		{
			"from": [0.5, 7.5, 3.5],
			"to": [13.5, 13.5, 5.5],
			"rotation": {"angle": 0, "axis": "y", "origin": [8, 13, 1]},
			"faces": {
				"north": {"uv": [0, 0, 13, 6], "rotation": 180, "texture": "#0"},
				"east": {"uv": [0, 0, 6, 2], "rotation": 270, "texture": "#0"},
				"south": {"uv": [0, 0, 13, 6], "texture": "#0"},
				"west": {"uv": [0, 0, 6, 2], "rotation": 90, "texture": "#0"},
				"up": {"uv": [0, 0, 13, 2], "rotation": 180, "texture": "#0"},
				"down": {"uv": [0, 0, 13, 2], "texture": "#0"}
			}
		},
		{
			"from": [1.5, 8.5, 2.5],
			"to": [12.5, 16.5, 3.5],
			"rotation": {"angle": 0, "axis": "y", "origin": [8, 15, -1]},
			"faces": {
				"north": {"uv": [0, 0, 11, 8], "rotation": 180, "texture": "#0"},
				"east": {"uv": [0, 0, 8, 1], "rotation": 270, "texture": "#0"},
				"south": {"uv": [0, 0, 11, 8], "texture": "#0"},
				"west": {"uv": [0, 0, 8, 1], "rotation": 90, "texture": "#0"},
				"up": {"uv": [0, 0, 11, 1], "rotation": 180, "texture": "#0"},
				"down": {"uv": [0, 0, 11, 1], "texture": "#0"}
			}
		},
		{
			"from": [0.5, 13.5, 3.5],
			"to": [13.5, 17.5, 12.5],
			"rotation": {"angle": 0, "axis": "y", "origin": [8, 13, 7]},
			"faces": {
				"north": {"uv": [0, 0, 13, 4], "texture": "#0"},
				"east": {"uv": [0, 0, 9, 4], "texture": "#0"},
				"south": {"uv": [0, 0, 13, 4], "texture": "#0"},
				"west": {"uv": [0, 0, 9, 4], "texture": "#0"},
				"up": {"uv": [0, 0, 13, 9], "texture": "#0"},
				"down": {"uv": [0, 0, 13, 9], "texture": "#0"}
			}
		},
		{
			"from": [10.5, 17.5, 3.5],
			"to": [12.5, 18.5, 12.5],
			"rotation": {"angle": 0, "axis": "y", "origin": [7, 21, 7]},
			"faces": {
				"north": {"uv": [0, 0, 2, 1], "texture": "#0"},
				"east": {"uv": [0, 0, 9, 1], "texture": "#0"},
				"south": {"uv": [0, 0, 2, 1], "texture": "#0"},
				"west": {"uv": [0, 0, 9, 1], "texture": "#0"},
				"up": {"uv": [0, 0, 2, 9], "texture": "#0"},
				"down": {"uv": [0, 0, 2, 9], "texture": "#0"}
			}
		},
		{
			"from": [7.5, 17.5, 3.5],
			"to": [9.5, 18.5, 12.5],
			"rotation": {"angle": 0, "axis": "y", "origin": [4, 21, 7]},
			"faces": {
				"north": {"uv": [0, 0, 2, 1], "texture": "#0"},
				"east": {"uv": [0, 0, 9, 1], "texture": "#0"},
				"south": {"uv": [0, 0, 2, 1], "texture": "#0"},
				"west": {"uv": [0, 0, 9, 1], "texture": "#0"},
				"up": {"uv": [0, 0, 2, 9], "texture": "#0"},
				"down": {"uv": [0, 0, 2, 9], "texture": "#0"}
			}
		},
		{
			"from": [4.5, 17.5, 3.5],
			"to": [6.5, 18.5, 12.5],
			"rotation": {"angle": 0, "axis": "y", "origin": [1, 21, 7]},
			"faces": {
				"north": {"uv": [0, 0, 2, 1], "texture": "#0"},
				"east": {"uv": [0, 0, 9, 1], "texture": "#0"},
				"south": {"uv": [0, 0, 2, 1], "texture": "#0"},
				"west": {"uv": [0, 0, 9, 1], "texture": "#0"},
				"up": {"uv": [0, 0, 2, 9], "texture": "#0"},
				"down": {"uv": [0, 0, 2, 9], "texture": "#0"}
			}
		},
		{
			"from": [1.5, 17.5, 3.5],
			"to": [3.5, 18.5, 12.5],
			"rotation": {"angle": 0, "axis": "y", "origin": [-2, 21, 7]},
			"faces": {
				"north": {"uv": [0, 0, 2, 1], "texture": "#0"},
				"east": {"uv": [0, 0, 9, 1], "texture": "#0"},
				"south": {"uv": [0, 0, 2, 1], "texture": "#0"},
				"west": {"uv": [0, 0, 9, 1], "texture": "#0"},
				"up": {"uv": [0, 0, 2, 9], "texture": "#0"},
				"down": {"uv": [0, 0, 2, 9], "texture": "#0"}
			}
		},
		{
			"from": [13.5, 9.5, 5.5],
			"to": [15.5, 17.5, 8.5],
			"rotation": {"angle": 22.5, "axis": "x", "origin": [17, 13, 6]},
			"faces": {
				"north": {"uv": [0, 0, 2, 8], "texture": "#0"},
				"east": {"uv": [0, 0, 3, 8], "texture": "#0"},
				"south": {"uv": [0, 0, 2, 8], "texture": "#0"},
				"west": {"uv": [0, 0, 3, 8], "texture": "#0"},
				"up": {"uv": [0, 0, 2, 3], "texture": "#0"},
				"down": {"uv": [0, 0, 2, 3], "texture": "#0"}
			}
		},
		{
			"from": [1.5, 0.5, 4.5],
			"to": [12.5, 8.5, 11.5],
			"rotation": {"angle": 0, "axis": "y", "origin": [8, 6, 7]},
			"faces": {
				"north": {"uv": [0, 0, 11, 8], "texture": "#0"},
				"east": {"uv": [0, 0, 7, 8], "texture": "#0"},
				"south": {"uv": [0, 0, 11, 8], "texture": "#0"},
				"west": {"uv": [0, 0, 7, 8], "texture": "#0"},
				"up": {"uv": [0, 0, 11, 7], "texture": "#0"},
				"down": {"uv": [0, 0, 11, 7], "texture": "#0"}
			}
		},
		{
			"from": [1.5, 8.5, 4.5],
			"to": [12.5, 9.5, 9.5],
			"rotation": {"angle": 0, "axis": "y", "origin": [8, 7, 7]},
			"faces": {
				"north": {"uv": [0, 0, 11, 1], "texture": "#0"},
				"east": {"uv": [0, 0, 5, 1], "texture": "#0"},
				"south": {"uv": [0, 0, 11, 1], "texture": "#0"},
				"west": {"uv": [0, 0, 5, 1], "texture": "#0"},
				"up": {"uv": [0, 0, 11, 5], "texture": "#0"},
				"down": {"uv": [0, 0, 11, 5], "texture": "#0"}
			}
		},
		{
			"from": [1.5, 9.5, 4.5],
			"to": [12.5, 10.5, 7.5],
			"rotation": {"angle": 0, "axis": "y", "origin": [8, 8, 7]},
			"faces": {
				"north": {"uv": [0, 0, 11, 1], "texture": "#0"},
				"east": {"uv": [0, 0, 3, 1], "texture": "#0"},
				"south": {"uv": [0, 0, 11, 1], "texture": "#0"},
				"west": {"uv": [0, 0, 3, 1], "texture": "#0"},
				"up": {"uv": [0, 0, 11, 3], "texture": "#0"},
				"down": {"uv": [0, 0, 11, 3], "texture": "#0"}
			}
		}
	],
	"display": {
		"thirdperson_righthand": {
			"rotation": [25.84, -88.49, 112.69],
			"translation": [0, -1, 0],
			"scale": [0.82813, 1, 1]
		},
		"thirdperson_lefthand": {
			"rotation": [25.84, -88.49, 112.69],
			"translation": [0, -1, 0],
			"scale": [0.82813, 1, 1]
		},
		"firstperson_righthand": {
			"rotation": [75.09, -88.49, 112.69],
			"translation": [0, -1, 0],
			"scale": [0.82813, 1, 1]
		},
		"firstperson_lefthand": {
			"rotation": [24.59, -88.49, 112.69],
			"translation": [0, -1, 0],
			"scale": [0.82813, 1, 1]
		}
	}
}