{
	"format_version": "1.9.0",
	"credit": "Made with Blockbench",
	"textures": {
		"0": "shroud:item/rock_shield",
		"particle": "shroud:item/rock_shield"
	},
	"elements": [
		{
			"from": [6, 0, 6],
			"to": [10, 2, 10],
			"rotation": {"angle": 0, "axis": "y", "origin": [7.5, 5.5, 7.5]},
			"faces": {
				"north": {"uv": [0, 0, 4, 2], "texture": "#0"},
				"east": {"uv": [0, 0, 4, 2], "texture": "#0"},
				"south": {"uv": [0, 0, 4, 2], "texture": "#0"},
				"west": {"uv": [0, 0, 4, 2], "texture": "#0"},
				"up": {"uv": [0, 0, 4, 4], "texture": "#0"},
				"down": {"uv": [0, 0, 4, 4], "texture": "#0"}
			}
		},
		{
			"from": [6, 8, 6],
			"to": [10, 10, 10],
			"rotation": {"angle": 0, "axis": "y", "origin": [7.5, 5.5, 7.5]},
			"faces": {
				"north": {"uv": [0, 0, 4, 2], "texture": "#0"},
				"east": {"uv": [0, 0, 4, 2], "texture": "#0"},
				"south": {"uv": [0, 0, 4, 2], "texture": "#0"},
				"west": {"uv": [0, 0, 4, 2], "texture": "#0"},
				"up": {"uv": [0, 0, 4, 4], "texture": "#0"},
				"down": {"uv": [0, 0, 4, 4], "texture": "#0"}
			}
		},
		{
			"from": [6, 1, 5],
			"to": [10, 3, 7],
			"rotation": {"angle": 0, "axis": "y", "origin": [7.5, 5.5, 7.5]},
			"faces": {
				"north": {"uv": [0, 0, 4, 2], "texture": "#0"},
				"east": {"uv": [0, 0, 2, 2], "texture": "#0"},
				"south": {"uv": [0, 0, 4, 2], "texture": "#0"},
				"west": {"uv": [0, 0, 2, 2], "texture": "#0"},
				"up": {"uv": [0, 0, 4, 2], "texture": "#0"},
				"down": {"uv": [0, 0, 4, 2], "texture": "#0"}
			}
		},
		{
			"from": [6, 1, 9],
			"to": [10, 3, 11],
			"rotation": {"angle": 0, "axis": "y", "origin": [7.5, 5.5, 7.5]},
			"faces": {
				"north": {"uv": [0, 0, 4, 2], "texture": "#0"},
				"east": {"uv": [0, 0, 2, 2], "texture": "#0"},
				"south": {"uv": [0, 0, 4, 2], "texture": "#0"},
				"west": {"uv": [0, 0, 2, 2], "texture": "#0"},
				"up": {"uv": [0, 0, 4, 2], "texture": "#0"},
				"down": {"uv": [0, 0, 4, 2], "texture": "#0"}
			}
		},
		{
			"from": [10, 1, 5],
			"to": [11, 3, 11],
			"rotation": {"angle": 0, "axis": "y", "origin": [7.5, 5.5, 7.5]},
			"faces": {
				"north": {"uv": [0, 0, 2, 2], "texture": "#0"},
				"east": {"uv": [0, 0, 6, 2], "texture": "#0"},
				"south": {"uv": [0, 0, 2, 2], "texture": "#0"},
				"west": {"uv": [0, 0, 6, 2], "texture": "#0"},
				"up": {"uv": [0, 0, 6, 2], "rotation": 90, "texture": "#0"},
				"down": {"uv": [0, 0, 6, 2], "rotation": 270, "texture": "#0"}
			}
		},
		{
			"from": [5, 1, 5],
			"to": [6, 3, 11],
			"rotation": {"angle": 0, "axis": "y", "origin": [7.5, 5.5, 7.5]},
			"faces": {
				"north": {"uv": [0, 0, 2, 2], "texture": "#0"},
				"east": {"uv": [0, 0, 6, 2], "texture": "#0"},
				"south": {"uv": [0, 0, 2, 2], "texture": "#0"},
				"west": {"uv": [0, 0, 6, 2], "texture": "#0"},
				"up": {"uv": [0, 0, 6, 2], "rotation": 90, "texture": "#0"},
				"down": {"uv": [0, 0, 6, 2], "rotation": 270, "texture": "#0"}
			}
		},
		{
			"from": [5, 7, 5],
			"to": [6, 9, 11],
			"rotation": {"angle": 0, "axis": "y", "origin": [7.5, 5.5, 7.5]},
			"faces": {
				"north": {"uv": [0, 0, 2, 2], "texture": "#0"},
				"east": {"uv": [0, 0, 6, 2], "texture": "#0"},
				"south": {"uv": [0, 0, 2, 2], "texture": "#0"},
				"west": {"uv": [0, 0, 6, 2], "texture": "#0"},
				"up": {"uv": [0, 0, 6, 2], "rotation": 90, "texture": "#0"},
				"down": {"uv": [0, 0, 6, 2], "rotation": 270, "texture": "#0"}
			}
		},
		{
			"from": [6, 7, 5],
			"to": [10, 9, 7],
			"rotation": {"angle": 0, "axis": "y", "origin": [7.5, 5.5, 7.5]},
			"faces": {
				"north": {"uv": [0, 0, 4, 2], "texture": "#0"},
				"east": {"uv": [0, 0, 2, 2], "texture": "#0"},
				"south": {"uv": [0, 0, 4, 2], "texture": "#0"},
				"west": {"uv": [0, 0, 2, 2], "texture": "#0"},
				"up": {"uv": [0, 0, 4, 2], "texture": "#0"},
				"down": {"uv": [0, 0, 4, 2], "texture": "#0"}
			}
		},
		{
			"from": [6, 7, 9],
			"to": [10, 9, 11],
			"rotation": {"angle": 0, "axis": "y", "origin": [7.5, 5.5, 7.5]},
			"faces": {
				"north": {"uv": [0, 0, 4, 2], "texture": "#0"},
				"east": {"uv": [0, 0, 2, 2], "texture": "#0"},
				"south": {"uv": [0, 0, 4, 2], "texture": "#0"},
				"west": {"uv": [0, 0, 2, 2], "texture": "#0"},
				"up": {"uv": [0, 0, 4, 2], "texture": "#0"},
				"down": {"uv": [0, 0, 4, 2], "texture": "#0"}
			}
		},
		{
			"from": [10, 7, 5],
			"to": [11, 9, 11],
			"rotation": {"angle": 0, "axis": "y", "origin": [7.5, 5.5, 7.5]},
			"faces": {
				"north": {"uv": [0, 0, 2, 2], "texture": "#0"},
				"east": {"uv": [0, 0, 6, 2], "texture": "#0"},
				"south": {"uv": [0, 0, 2, 2], "texture": "#0"},
				"west": {"uv": [0, 0, 6, 2], "texture": "#0"},
				"up": {"uv": [0, 0, 6, 2], "rotation": 90, "texture": "#0"},
				"down": {"uv": [0, 0, 6, 2], "rotation": 270, "texture": "#0"}
			}
		},
		{
			"from": [3, 3, 6],
			"to": [5, 7, 10],
			"rotation": {"angle": 0, "axis": "y", "origin": [7.5, 5.5, 7.5]},
			"faces": {
				"north": {"uv": [0, 0, 4, 2], "rotation": 90, "texture": "#0"},
				"east": {"uv": [0, 0, 4, 4], "rotation": 270, "texture": "#0"},
				"south": {"uv": [0, 0, 4, 2], "rotation": 270, "texture": "#0"},
				"west": {"uv": [0, 0, 4, 4], "rotation": 270, "texture": "#0"},
				"up": {"uv": [0, 0, 4, 2], "rotation": 270, "texture": "#0"},
				"down": {"uv": [0, 0, 4, 2], "rotation": 270, "texture": "#0"}
			}
		},
		{
			"from": [11, 3, 6],
			"to": [13, 7, 10],
			"rotation": {"angle": 0, "axis": "y", "origin": [7.5, 5.5, 7.5]},
			"faces": {
				"north": {"uv": [0, 0, 4, 2], "rotation": 90, "texture": "#0"},
				"east": {"uv": [0, 0, 4, 4], "rotation": 270, "texture": "#0"},
				"south": {"uv": [0, 0, 4, 2], "rotation": 270, "texture": "#0"},
				"west": {"uv": [0, 0, 4, 4], "rotation": 270, "texture": "#0"},
				"up": {"uv": [0, 0, 4, 2], "rotation": 270, "texture": "#0"},
				"down": {"uv": [0, 0, 4, 2], "rotation": 270, "texture": "#0"}
			}
		},
		{
			"from": [4, 3, 5],
			"to": [6, 7, 7],
			"rotation": {"angle": 0, "axis": "y", "origin": [7.5, 5.5, 7.5]},
			"faces": {
				"north": {"uv": [0, 0, 4, 2], "rotation": 90, "texture": "#0"},
				"east": {"uv": [0, 0, 4, 2], "rotation": 270, "texture": "#0"},
				"south": {"uv": [0, 0, 4, 2], "rotation": 270, "texture": "#0"},
				"west": {"uv": [0, 0, 4, 2], "rotation": 270, "texture": "#0"},
				"up": {"uv": [0, 0, 2, 2], "rotation": 270, "texture": "#0"},
				"down": {"uv": [0, 0, 2, 2], "rotation": 270, "texture": "#0"}
			}
		},
		{
			"from": [4, 3, 9],
			"to": [6, 7, 11],
			"rotation": {"angle": 0, "axis": "y", "origin": [7.5, 5.5, 7.5]},
			"faces": {
				"north": {"uv": [0, 0, 4, 2], "rotation": 90, "texture": "#0"},
				"east": {"uv": [0, 0, 4, 2], "rotation": 270, "texture": "#0"},
				"south": {"uv": [0, 0, 4, 2], "rotation": 270, "texture": "#0"},
				"west": {"uv": [0, 0, 4, 2], "rotation": 270, "texture": "#0"},
				"up": {"uv": [0, 0, 2, 2], "rotation": 270, "texture": "#0"},
				"down": {"uv": [0, 0, 2, 2], "rotation": 270, "texture": "#0"}
			}
		},
		{
			"from": [5, 3, 10],
			"to": [7, 7, 12],
			"rotation": {"angle": 0, "axis": "y", "origin": [7.5, 5.5, 7.5]},
			"faces": {
				"north": {"uv": [0, 0, 4, 2], "rotation": 90, "texture": "#0"},
				"east": {"uv": [0, 0, 4, 2], "rotation": 270, "texture": "#0"},
				"south": {"uv": [0, 0, 4, 2], "rotation": 270, "texture": "#0"},
				"west": {"uv": [0, 0, 4, 2], "rotation": 270, "texture": "#0"},
				"up": {"uv": [0, 0, 2, 2], "rotation": 270, "texture": "#0"},
				"down": {"uv": [0, 0, 2, 2], "rotation": 270, "texture": "#0"}
			}
		},
		{
			"from": [9, 3, 10],
			"to": [11, 7, 12],
			"rotation": {"angle": 0, "axis": "y", "origin": [7.5, 5.5, 7.5]},
			"faces": {
				"north": {"uv": [0, 0, 4, 2], "rotation": 90, "texture": "#0"},
				"east": {"uv": [0, 0, 4, 2], "rotation": 270, "texture": "#0"},
				"south": {"uv": [0, 0, 4, 2], "rotation": 270, "texture": "#0"},
				"west": {"uv": [0, 0, 4, 2], "rotation": 270, "texture": "#0"},
				"up": {"uv": [0, 0, 2, 2], "rotation": 270, "texture": "#0"},
				"down": {"uv": [0, 0, 2, 2], "rotation": 270, "texture": "#0"}
			}
		},
		{
			"from": [5, 2, 10],
			"to": [11, 3, 12],
			"rotation": {"angle": 0, "axis": "y", "origin": [7.5, 5.5, 7.5]},
			"faces": {
				"north": {"uv": [0, 0, 2, 6], "rotation": 90, "texture": "#0"},
				"east": {"uv": [0, 0, 2, 2], "rotation": 270, "texture": "#0"},
				"south": {"uv": [0, 0, 2, 6], "rotation": 270, "texture": "#0"},
				"west": {"uv": [0, 0, 2, 2], "rotation": 270, "texture": "#0"},
				"up": {"uv": [0, 0, 2, 6], "rotation": 270, "texture": "#0"},
				"down": {"uv": [0, 0, 2, 6], "rotation": 270, "texture": "#0"}
			}
		},
		{
			"from": [5, 7, 10],
			"to": [11, 8, 12],
			"rotation": {"angle": 0, "axis": "y", "origin": [7.5, 5.5, 7.5]},
			"faces": {
				"north": {"uv": [0, 0, 2, 6], "rotation": 90, "texture": "#0"},
				"east": {"uv": [0, 0, 2, 2], "rotation": 270, "texture": "#0"},
				"south": {"uv": [0, 0, 2, 6], "rotation": 270, "texture": "#0"},
				"west": {"uv": [0, 0, 2, 2], "rotation": 270, "texture": "#0"},
				"up": {"uv": [0, 0, 2, 6], "rotation": 270, "texture": "#0"},
				"down": {"uv": [0, 0, 2, 6], "rotation": 270, "texture": "#0"}
			}
		},
		{
			"from": [5, 3, 4],
			"to": [7, 7, 6],
			"rotation": {"angle": 0, "axis": "y", "origin": [7.5, 5.5, 7.5]},
			"faces": {
				"north": {"uv": [0, 0, 4, 2], "rotation": 90, "texture": "#0"},
				"east": {"uv": [0, 0, 4, 2], "rotation": 270, "texture": "#0"},
				"south": {"uv": [0, 0, 4, 2], "rotation": 270, "texture": "#0"},
				"west": {"uv": [0, 0, 4, 2], "rotation": 270, "texture": "#0"},
				"up": {"uv": [0, 0, 2, 2], "rotation": 270, "texture": "#0"},
				"down": {"uv": [0, 0, 2, 2], "rotation": 270, "texture": "#0"}
			}
		},
		{
			"from": [6, 3, 3],
			"to": [10, 7, 5],
			"rotation": {"angle": 0, "axis": "y", "origin": [7.5, 5.5, 7.5]},
			"faces": {
				"north": {"uv": [0, 0, 4, 4], "rotation": 90, "texture": "#0"},
				"east": {"uv": [0, 0, 4, 2], "rotation": 270, "texture": "#0"},
				"south": {"uv": [0, 0, 4, 4], "rotation": 270, "texture": "#0"},
				"west": {"uv": [0, 0, 4, 2], "rotation": 270, "texture": "#0"},
				"up": {"uv": [0, 0, 2, 4], "rotation": 270, "texture": "#0"},
				"down": {"uv": [0, 0, 2, 4], "rotation": 270, "texture": "#0"}
			}
		},
		{
			"from": [6, 3, 11],
			"to": [10, 7, 13],
			"rotation": {"angle": 0, "axis": "y", "origin": [7.5, 5.5, 7.5]},
			"faces": {
				"north": {"uv": [0, 0, 4, 4], "rotation": 90, "texture": "#0"},
				"east": {"uv": [0, 0, 4, 2], "rotation": 270, "texture": "#0"},
				"south": {"uv": [0, 0, 4, 4], "rotation": 270, "texture": "#0"},
				"west": {"uv": [0, 0, 4, 2], "rotation": 270, "texture": "#0"},
				"up": {"uv": [0, 0, 2, 4], "rotation": 270, "texture": "#0"},
				"down": {"uv": [0, 0, 2, 4], "rotation": 270, "texture": "#0"}
			}
		},
		{
			"from": [5, 2, 4],
			"to": [11, 3, 6],
			"rotation": {"angle": 0, "axis": "y", "origin": [7.5, 5.5, 7.5]},
			"faces": {
				"north": {"uv": [0, 0, 2, 6], "rotation": 90, "texture": "#0"},
				"east": {"uv": [0, 0, 2, 2], "rotation": 270, "texture": "#0"},
				"south": {"uv": [0, 0, 2, 6], "rotation": 270, "texture": "#0"},
				"west": {"uv": [0, 0, 2, 2], "rotation": 270, "texture": "#0"},
				"up": {"uv": [0, 0, 2, 6], "rotation": 270, "texture": "#0"},
				"down": {"uv": [0, 0, 2, 6], "rotation": 270, "texture": "#0"}
			}
		},
		{
			"from": [9, 3, 4],
			"to": [11, 7, 6],
			"rotation": {"angle": 0, "axis": "y", "origin": [7.5, 5.5, 7.5]},
			"faces": {
				"north": {"uv": [0, 0, 4, 2], "rotation": 90, "texture": "#0"},
				"east": {"uv": [0, 0, 4, 2], "rotation": 270, "texture": "#0"},
				"south": {"uv": [0, 0, 4, 2], "rotation": 270, "texture": "#0"},
				"west": {"uv": [0, 0, 4, 2], "rotation": 270, "texture": "#0"},
				"up": {"uv": [0, 0, 2, 2], "rotation": 270, "texture": "#0"},
				"down": {"uv": [0, 0, 2, 2], "rotation": 270, "texture": "#0"}
			}
		},
		{
			"from": [5, 7, 4],
			"to": [11, 8, 6],
			"rotation": {"angle": 0, "axis": "y", "origin": [7.5, 5.5, 7.5]},
			"faces": {
				"north": {"uv": [0, 0, 2, 6], "rotation": 90, "texture": "#0"},
				"east": {"uv": [0, 0, 2, 2], "rotation": 270, "texture": "#0"},
				"south": {"uv": [0, 0, 2, 6], "rotation": 270, "texture": "#0"},
				"west": {"uv": [0, 0, 2, 2], "rotation": 270, "texture": "#0"},
				"up": {"uv": [0, 0, 2, 6], "rotation": 270, "texture": "#0"},
				"down": {"uv": [0, 0, 2, 6], "rotation": 270, "texture": "#0"}
			}
		},
		{
			"from": [4, 2, 5],
			"to": [6, 3, 11],
			"rotation": {"angle": 0, "axis": "y", "origin": [7.5, 5.5, 7.5]},
			"faces": {
				"north": {"uv": [0, 0, 2, 2], "rotation": 90, "texture": "#0"},
				"east": {"uv": [0, 0, 6, 2], "rotation": 180, "texture": "#0"},
				"south": {"uv": [0, 0, 2, 2], "rotation": 270, "texture": "#0"},
				"west": {"uv": [0, 0, 6, 2], "texture": "#0"},
				"up": {"uv": [0, 0, 6, 2], "rotation": 270, "texture": "#0"},
				"down": {"uv": [0, 0, 6, 2], "rotation": 270, "texture": "#0"}
			}
		},
		{
			"from": [4, 7, 5],
			"to": [6, 8, 11],
			"rotation": {"angle": 0, "axis": "y", "origin": [7.5, 5.5, 7.5]},
			"faces": {
				"north": {"uv": [0, 0, 2, 2], "rotation": 90, "texture": "#0"},
				"east": {"uv": [0, 0, 6, 2], "rotation": 180, "texture": "#0"},
				"south": {"uv": [0, 0, 2, 2], "rotation": 270, "texture": "#0"},
				"west": {"uv": [0, 0, 6, 2], "texture": "#0"},
				"up": {"uv": [0, 0, 6, 2], "rotation": 270, "texture": "#0"},
				"down": {"uv": [0, 0, 6, 2], "rotation": 270, "texture": "#0"}
			}
		},
		{
			"from": [10, 7, 5],
			"to": [12, 8, 11],
			"rotation": {"angle": 0, "axis": "y", "origin": [7.5, 5.5, 7.5]},
			"faces": {
				"north": {"uv": [0, 0, 2, 2], "rotation": 90, "texture": "#0"},
				"east": {"uv": [0, 0, 6, 2], "rotation": 180, "texture": "#0"},
				"south": {"uv": [0, 0, 2, 2], "rotation": 270, "texture": "#0"},
				"west": {"uv": [0, 0, 6, 2], "texture": "#0"},
				"up": {"uv": [0, 0, 6, 2], "rotation": 270, "texture": "#0"},
				"down": {"uv": [0, 0, 6, 2], "rotation": 270, "texture": "#0"}
			}
		},
		{
			"from": [10, 3, 9],
			"to": [12, 7, 11],
			"rotation": {"angle": 0, "axis": "y", "origin": [7.5, 5.5, 7.5]},
			"faces": {
				"north": {"uv": [0, 0, 4, 2], "rotation": 90, "texture": "#0"},
				"east": {"uv": [0, 0, 4, 2], "rotation": 270, "texture": "#0"},
				"south": {"uv": [0, 0, 4, 2], "rotation": 270, "texture": "#0"},
				"west": {"uv": [0, 0, 4, 2], "rotation": 270, "texture": "#0"},
				"up": {"uv": [0, 0, 2, 2], "rotation": 270, "texture": "#0"},
				"down": {"uv": [0, 0, 2, 2], "rotation": 270, "texture": "#0"}
			}
		},
		{
			"from": [10, 2, 5],
			"to": [12, 3, 11],
			"rotation": {"angle": 0, "axis": "y", "origin": [7.5, 5.5, 7.5]},
			"faces": {
				"north": {"uv": [0, 0, 2, 2], "rotation": 90, "texture": "#0"},
				"east": {"uv": [0, 0, 6, 2], "rotation": 180, "texture": "#0"},
				"south": {"uv": [0, 0, 2, 2], "rotation": 270, "texture": "#0"},
				"west": {"uv": [0, 0, 6, 2], "texture": "#0"},
				"up": {"uv": [0, 0, 6, 2], "rotation": 270, "texture": "#0"},
				"down": {"uv": [0, 0, 6, 2], "rotation": 270, "texture": "#0"}
			}
		},
		{
			"from": [10, 3, 5],
			"to": [12, 7, 7],
			"rotation": {"angle": 0, "axis": "y", "origin": [7.5, 5.5, 7.5]},
			"faces": {
				"north": {"uv": [0, 0, 4, 2], "rotation": 90, "texture": "#0"},
				"east": {"uv": [0, 0, 4, 2], "rotation": 270, "texture": "#0"},
				"south": {"uv": [0, 0, 4, 2], "rotation": 270, "texture": "#0"},
				"west": {"uv": [0, 0, 4, 2], "rotation": 270, "texture": "#0"},
				"up": {"uv": [0, 0, 2, 2], "rotation": 270, "texture": "#0"},
				"down": {"uv": [0, 0, 2, 2], "rotation": 270, "texture": "#0"}
			}
		}
	],
	"display": {
		"thirdperson_righthand": {
			"translation": [0, 6, 0]
		}
	}
}