{
	"format_version": "1.21.6",
	"credit": "Made with Blockbench",
	"textures": {
		"2": "rock",
		"particle": "rock"
	},
	"elements": [
		{
			"from": [7, 5, 0],
			"to": [9, 7, 2],
			"rotation": {"angle": 0, "axis": "y", "origin": [7, 5, 0]},
			"faces": {
				"north": {"uv": [0, 0, 2, 2], "texture": "#2"},
				"east": {"uv": [0, 0, 2, 2], "texture": "#2"},
				"south": {"uv": [0, 0, 2, 2], "texture": "#2"},
				"west": {"uv": [0, 0, 2, 2], "texture": "#2"},
				"up": {"uv": [0, 0, 3.95313, 1.92188], "texture": "#2"},
				"down": {"uv": [0, 0, 2, 2], "texture": "#2"}
			}
		},
		{
			"from": [9, 5, 0],
			"to": [11, 7, 2],
			"rotation": {"angle": 0, "axis": "y", "origin": [9, 5, 0]},
			"faces": {
				"north": {"uv": [0, 0, 2, 2], "texture": "#2"},
				"east": {"uv": [0, 0, 2, 2], "texture": "#2"},
				"south": {"uv": [0, 0, 2, 2], "texture": "#2"},
				"west": {"uv": [0, 0, 2, 2], "texture": "#2"},
				"up": {"uv": [0, 0, 3.95313, 1.92188], "texture": "#2"},
				"down": {"uv": [0, 0, 2, 2], "texture": "#2"}
			}
		},
		{
			"from": [11, 5, 2],
			"to": [13, 7, 5],
			"rotation": {"angle": 0, "axis": "y", "origin": [11, 5, 2]},
			"faces": {
				"north": {"uv": [0, 0, 2, 2], "texture": "#2"},
				"east": {"uv": [0, 0, 3, 2], "texture": "#2"},
				"south": {"uv": [0, 0, 2, 2], "texture": "#2"},
				"west": {"uv": [0, 0, 3, 2], "texture": "#2"},
				"up": {"uv": [0, 0, 3.95313, 2.92188], "texture": "#2"},
				"down": {"uv": [0, 0, 2, 3], "texture": "#2"}
			}
		},
		{
			"from": [13, 5, 4],
			"to": [15, 7, 6],
			"rotation": {"angle": 0, "axis": "y", "origin": [13, 5, 4]},
			"faces": {
				"north": {"uv": [0, 0, 2, 2], "texture": "#2"},
				"east": {"uv": [0, 0, 2, 2], "texture": "#2"},
				"south": {"uv": [0, 0, 2, 2], "texture": "#2"},
				"west": {"uv": [0, 0, 2, 2], "texture": "#2"},
				"up": {"uv": [0, 0, 3.95313, 1.92188], "texture": "#2"},
				"down": {"uv": [0, 0, 2, 2], "texture": "#2"}
			}
		},
		{
			"from": [13, 5, 6],
			"to": [15, 7, 8],
			"rotation": {"angle": 0, "axis": "y", "origin": [13, 5, 6]},
			"faces": {
				"north": {"uv": [0, 0, 2, 2], "texture": "#2"},
				"east": {"uv": [0, 0, 2, 2], "texture": "#2"},
				"south": {"uv": [0, 0, 2, 2], "texture": "#2"},
				"west": {"uv": [0, 0, 2, 2], "texture": "#2"},
				"up": {"uv": [0, 0, 3.95313, 1.92188], "texture": "#2"},
				"down": {"uv": [0, 0, 2, 2], "texture": "#2"}
			}
		},
		{
			"from": [13, 5, 8],
			"to": [15, 7, 10],
			"rotation": {"angle": 0, "axis": "y", "origin": [13, 5, 8]},
			"faces": {
				"north": {"uv": [0, 0, 2, 2], "texture": "#2"},
				"east": {"uv": [0, 0, 2, 2], "texture": "#2"},
				"south": {"uv": [0, 0, 2, 2], "texture": "#2"},
				"west": {"uv": [0, 0, 2, 2], "texture": "#2"},
				"up": {"uv": [0, 0, 3.95313, 1.92188], "texture": "#2"},
				"down": {"uv": [0, 0, 2, 2], "texture": "#2"}
			}
		},
		{
			"from": [13, 5, 10],
			"to": [15, 7, 12],
			"rotation": {"angle": 0, "axis": "y", "origin": [13, 5, 10]},
			"faces": {
				"north": {"uv": [0, 0, 2, 2], "texture": "#2"},
				"east": {"uv": [0, 0, 2, 2], "texture": "#2"},
				"south": {"uv": [0, 0, 2, 2], "texture": "#2"},
				"west": {"uv": [0, 0, 2, 2], "texture": "#2"},
				"up": {"uv": [0, 0, 3.95313, 1.92188], "texture": "#2"},
				"down": {"uv": [0, 0, 2, 2], "texture": "#2"}
			}
		},
		{
			"from": [11, 5, 11],
			"to": [13, 7, 14],
			"rotation": {"angle": 0, "axis": "y", "origin": [11, 5, 12]},
			"faces": {
				"north": {"uv": [0, 0, 2, 2], "texture": "#2"},
				"east": {"uv": [0, 0, 3, 2], "texture": "#2"},
				"south": {"uv": [0, 0, 2, 2], "texture": "#2"},
				"west": {"uv": [0, 0, 3, 2], "texture": "#2"},
				"up": {"uv": [0, 0, 3.95313, 2.92188], "texture": "#2"},
				"down": {"uv": [0, 0, 2, 3], "texture": "#2"}
			}
		},
		{
			"from": [9, 5, 13],
			"to": [11, 7, 16],
			"rotation": {"angle": 0, "axis": "y", "origin": [9, 5, 14]},
			"faces": {
				"north": {"uv": [0, 0, 2, 2], "texture": "#2"},
				"east": {"uv": [0, 0, 3, 2], "texture": "#2"},
				"south": {"uv": [0, 0, 2, 2], "texture": "#2"},
				"west": {"uv": [0, 0, 3, 2], "texture": "#2"},
				"up": {"uv": [0, 0, 3.95313, 2.92188], "texture": "#2"},
				"down": {"uv": [0, 0, 2, 3], "texture": "#2"}
			}
		},
		{
			"from": [7, 5, 14],
			"to": [9, 7, 16],
			"rotation": {"angle": 0, "axis": "y", "origin": [7, 5, 14]},
			"faces": {
				"north": {"uv": [0, 0, 2, 2], "texture": "#2"},
				"east": {"uv": [0, 0, 2, 2], "texture": "#2"},
				"south": {"uv": [0, 0, 2, 2], "texture": "#2"},
				"west": {"uv": [0, 0, 2, 2], "texture": "#2"},
				"up": {"uv": [0, 0, 3.95313, 1.92188], "texture": "#2"},
				"down": {"uv": [0, 0, 2, 2], "texture": "#2"}
			}
		},
		{
			"from": [5, 5, 14],
			"to": [7, 7, 16],
			"rotation": {"angle": 0, "axis": "y", "origin": [5, 5, 14]},
			"faces": {
				"north": {"uv": [0, 0, 2, 2], "texture": "#2"},
				"east": {"uv": [0, 0, 2, 2], "texture": "#2"},
				"south": {"uv": [0, 0, 2, 2], "texture": "#2"},
				"west": {"uv": [0, 0, 2, 2], "texture": "#2"},
				"up": {"uv": [0, 0, 3.95313, 1.92188], "texture": "#2"},
				"down": {"uv": [0, 0, 2, 2], "texture": "#2"}
			}
		},
		{
			"from": [5, 5, 12],
			"to": [7, 7, 14],
			"rotation": {"angle": 0, "axis": "y", "origin": [5, 5, 12]},
			"faces": {
				"north": {"uv": [0, 0, 2, 2], "texture": "#2"},
				"east": {"uv": [0, 0, 2, 2], "texture": "#2"},
				"south": {"uv": [0, 0, 2, 2], "texture": "#2"},
				"west": {"uv": [0, 0, 2, 2], "texture": "#2"},
				"up": {"uv": [0, 0, 3.95313, 1.92188], "texture": "#2"},
				"down": {"uv": [0, 0, 2, 2], "texture": "#2"}
			}
		},
		{
			"from": [3, 5, 12],
			"to": [5, 7, 14],
			"rotation": {"angle": 0, "axis": "y", "origin": [3, 5, 12]},
			"faces": {
				"north": {"uv": [0, 0, 2, 2], "texture": "#2"},
				"east": {"uv": [0, 0, 2, 2], "texture": "#2"},
				"south": {"uv": [0, 0, 2, 2], "texture": "#2"},
				"west": {"uv": [0, 0, 2, 2], "texture": "#2"},
				"up": {"uv": [0, 0, 3.95313, 1.92188], "texture": "#2"},
				"down": {"uv": [0, 0, 2, 2], "texture": "#2"}
			}
		},
		{
			"from": [3, 5, 10],
			"to": [5, 7, 12],
			"rotation": {"angle": 0, "axis": "y", "origin": [3, 5, 10]},
			"faces": {
				"north": {"uv": [0, 0, 2, 2], "texture": "#2"},
				"east": {"uv": [0, 0, 2, 2], "texture": "#2"},
				"south": {"uv": [0, 0, 2, 2], "texture": "#2"},
				"west": {"uv": [0, 0, 2, 2], "texture": "#2"},
				"up": {"uv": [0, 0, 3.95313, 1.92188], "texture": "#2"},
				"down": {"uv": [0, 0, 2, 2], "texture": "#2"}
			}
		},
		{
			"from": [3, 5, 8],
			"to": [5, 7, 10],
			"rotation": {"angle": 0, "axis": "y", "origin": [3, 5, 8]},
			"faces": {
				"north": {"uv": [0, 0, 2, 2], "texture": "#2"},
				"east": {"uv": [0, 0, 2, 2], "texture": "#2"},
				"south": {"uv": [0, 0, 2, 2], "texture": "#2"},
				"west": {"uv": [0, 0, 2, 2], "texture": "#2"},
				"up": {"uv": [0, 0, 3.95313, 1.92188], "texture": "#2"},
				"down": {"uv": [0, 0, 2, 2], "texture": "#2"}
			}
		},
		{
			"from": [3, 5, 6],
			"to": [5, 7, 8],
			"rotation": {"angle": 0, "axis": "y", "origin": [3, 5, 6]},
			"faces": {
				"north": {"uv": [0, 0, 2, 2], "texture": "#2"},
				"east": {"uv": [0, 0, 2, 2], "texture": "#2"},
				"south": {"uv": [0, 0, 2, 2], "texture": "#2"},
				"west": {"uv": [0, 0, 2, 2], "texture": "#2"},
				"up": {"uv": [0, 0, 3.95313, 1.92188], "texture": "#2"},
				"down": {"uv": [0, 0, 2, 2], "texture": "#2"}
			}
		},
		{
			"from": [3, 5, 4],
			"to": [5, 7, 6],
			"rotation": {"angle": 0, "axis": "y", "origin": [3, 5, 4]},
			"faces": {
				"north": {"uv": [0, 0, 2, 2], "texture": "#2"},
				"east": {"uv": [0, 0, 2, 2], "texture": "#2"},
				"south": {"uv": [0, 0, 2, 2], "texture": "#2"},
				"west": {"uv": [0, 0, 2, 2], "texture": "#2"},
				"up": {"uv": [0, 0, 3.95313, 1.92188], "texture": "#2"},
				"down": {"uv": [0, 0, 2, 2], "texture": "#2"}
			}
		},
		{
			"from": [5, 5, 2],
			"to": [7, 7, 4],
			"rotation": {"angle": 0, "axis": "y", "origin": [5, 5, 2]},
			"faces": {
				"north": {"uv": [0, 0, 2, 2], "texture": "#2"},
				"east": {"uv": [0, 0, 2, 2], "texture": "#2"},
				"south": {"uv": [0, 0, 2, 2], "texture": "#2"},
				"west": {"uv": [0, 0, 2, 2], "texture": "#2"},
				"up": {"uv": [0, 0, 3.95313, 1.92188], "texture": "#2"},
				"down": {"uv": [0, 0, 2, 2], "texture": "#2"}
			}
		},
		{
			"from": [5, 5, 4],
			"to": [7, 7, 6],
			"rotation": {"angle": 0, "axis": "y", "origin": [5, 5, 4]},
			"faces": {
				"north": {"uv": [0, 0, 2, 2], "texture": "#2"},
				"east": {"uv": [0, 0, 2, 2], "texture": "#2"},
				"south": {"uv": [0, 0, 2, 2], "texture": "#2"},
				"west": {"uv": [0, 0, 2, 2], "texture": "#2"},
				"up": {"uv": [0, 0, 3.95313, 1.92188], "texture": "#2"},
				"down": {"uv": [0, 0, 2, 2], "texture": "#2"}
			}
		},
		{
			"from": [6, 7, 3],
			"to": [7, 9, 5],
			"rotation": {"angle": 0, "axis": "y", "origin": [5, 7, 3]},
			"faces": {
				"north": {"uv": [0, 0, 1, 2], "texture": "#2"},
				"east": {"uv": [0, 0, 2, 2], "texture": "#2"},
				"south": {"uv": [0, 0, 1, 2], "texture": "#2"},
				"west": {"uv": [0, 0, 2, 2], "texture": "#2"},
				"up": {"uv": [0, 0, 3.57813, 1.92188], "texture": "#2"},
				"down": {"uv": [0, 0, 1, 2], "texture": "#2"}
			}
		},
		{
			"from": [9, 7, 3],
			"to": [11, 9, 5],
			"rotation": {"angle": 0, "axis": "y", "origin": [9, 7, 3]},
			"faces": {
				"north": {"uv": [0, 0, 2, 2], "texture": "#2"},
				"east": {"uv": [0, 0, 2, 2], "texture": "#2"},
				"south": {"uv": [0, 0, 2, 2], "texture": "#2"},
				"west": {"uv": [0, 0, 2, 2], "texture": "#2"},
				"up": {"uv": [0, 0, 3.95313, 1.92188], "texture": "#2"},
				"down": {"uv": [0, 0, 2, 2], "texture": "#2"}
			}
		},
		{
			"from": [9, 9, 5],
			"to": [11, 10, 6],
			"rotation": {"angle": 0, "axis": "y", "origin": [9, 9, 4]},
			"faces": {
				"north": {"uv": [0, 0, 2, 1], "texture": "#2"},
				"east": {"uv": [0, 0, 1, 1], "texture": "#2"},
				"south": {"uv": [0, 0, 2, 1], "texture": "#2"},
				"west": {"uv": [0, 0, 1, 1], "texture": "#2"},
				"up": {"uv": [0, 0, 3.95313, 1.375], "texture": "#2"},
				"down": {"uv": [0, 0, 2, 1], "texture": "#2"}
			}
		},
		{
			"from": [4, 7, 5],
			"to": [5, 9, 7],
			"rotation": {"angle": 0, "axis": "y", "origin": [3, 7, 5]},
			"faces": {
				"north": {"uv": [0, 0, 1, 2], "texture": "#2"},
				"east": {"uv": [0, 0, 2, 2], "texture": "#2"},
				"south": {"uv": [0, 0, 1, 2], "texture": "#2"},
				"west": {"uv": [0, 0, 2, 2], "texture": "#2"},
				"up": {"uv": [0, 0, 3.57813, 1.92188], "texture": "#2"},
				"down": {"uv": [0, 0, 1, 2], "texture": "#2"}
			}
		},
		{
			"from": [4, 7, 7],
			"to": [7, 9, 9],
			"rotation": {"angle": 0, "axis": "y", "origin": [3, 7, 7]},
			"faces": {
				"north": {"uv": [0, 0, 3, 2], "texture": "#2"},
				"east": {"uv": [0, 0, 2, 2], "texture": "#2"},
				"south": {"uv": [0, 0, 3, 2], "texture": "#2"},
				"west": {"uv": [0, 0, 2, 2], "texture": "#2"},
				"up": {"uv": [0, 0, 4.95313, 1.92188], "texture": "#2"},
				"down": {"uv": [0, 0, 3, 2], "texture": "#2"}
			}
		},
		{
			"from": [4, 7, 9],
			"to": [7, 9, 11],
			"rotation": {"angle": 0, "axis": "y", "origin": [3, 7, 9]},
			"faces": {
				"north": {"uv": [0, 0, 3, 2], "texture": "#2"},
				"east": {"uv": [0, 0, 2, 2], "texture": "#2"},
				"south": {"uv": [0, 0, 3, 2], "texture": "#2"},
				"west": {"uv": [0, 0, 2, 2], "texture": "#2"},
				"up": {"uv": [0, 0, 4.95313, 1.92188], "texture": "#2"},
				"down": {"uv": [0, 0, 3, 2], "texture": "#2"}
			}
		},
		{
			"from": [4, 7, 11],
			"to": [5, 9, 13],
			"rotation": {"angle": 0, "axis": "y", "origin": [3, 7, 11]},
			"faces": {
				"north": {"uv": [0, 0, 1, 2], "texture": "#2"},
				"east": {"uv": [0, 0, 2, 2], "texture": "#2"},
				"south": {"uv": [0, 0, 1, 2], "texture": "#2"},
				"west": {"uv": [0, 0, 2, 2], "texture": "#2"},
				"up": {"uv": [0, 0, 3.57813, 1.92188], "texture": "#2"},
				"down": {"uv": [0, 0, 1, 2], "texture": "#2"}
			}
		},
		{
			"from": [6, 7, 13],
			"to": [7, 9, 15],
			"rotation": {"angle": 0, "axis": "y", "origin": [5, 7, 13]},
			"faces": {
				"north": {"uv": [0, 0, 1, 2], "texture": "#2"},
				"east": {"uv": [0, 0, 2, 2], "texture": "#2"},
				"south": {"uv": [0, 0, 1, 2], "texture": "#2"},
				"west": {"uv": [0, 0, 2, 2], "texture": "#2"},
				"up": {"uv": [0, 0, 3.57813, 1.92188], "texture": "#2"},
				"down": {"uv": [0, 0, 1, 2], "texture": "#2"}
			}
		},
		{
			"from": [9, 7, 13],
			"to": [10, 9, 15],
			"rotation": {"angle": 0, "axis": "y", "origin": [8, 7, 13]},
			"faces": {
				"north": {"uv": [0, 0, 1, 2], "texture": "#2"},
				"east": {"uv": [0, 0, 2, 2], "texture": "#2"},
				"south": {"uv": [0, 0, 1, 2], "texture": "#2"},
				"west": {"uv": [0, 0, 2, 2], "texture": "#2"},
				"up": {"uv": [0, 0, 3.57813, 1.92188], "texture": "#2"},
				"down": {"uv": [0, 0, 1, 2], "texture": "#2"}
			}
		},
		{
			"from": [11, 7, 11],
			"to": [12, 9, 13],
			"rotation": {"angle": 0, "axis": "y", "origin": [10, 7, 11]},
			"faces": {
				"north": {"uv": [0, 0, 1, 2], "texture": "#2"},
				"east": {"uv": [0, 0, 2, 2], "texture": "#2"},
				"south": {"uv": [0, 0, 1, 2], "texture": "#2"},
				"west": {"uv": [0, 0, 2, 2], "texture": "#2"},
				"up": {"uv": [0, 0, 3.57813, 1.92188], "texture": "#2"},
				"down": {"uv": [0, 0, 1, 2], "texture": "#2"}
			}
		},
		{
			"from": [13, 7, 5],
			"to": [14, 9, 10],
			"rotation": {"angle": 0, "axis": "y", "origin": [12, 7, 7]},
			"faces": {
				"north": {"uv": [0, 0, 1, 2], "texture": "#2"},
				"east": {"uv": [0, 0, 5, 2], "texture": "#2"},
				"south": {"uv": [0, 0, 1, 2], "texture": "#2"},
				"west": {"uv": [0, 0, 5, 2], "texture": "#2"},
				"up": {"uv": [0, 0, 3.57813, 4.92188], "texture": "#2"},
				"down": {"uv": [0, 0, 1, 5], "texture": "#2"}
			}
		},
		{
			"from": [12, 7, 6],
			"to": [13, 10, 10],
			"rotation": {"angle": 0, "axis": "y", "origin": [11, 7, 7]},
			"faces": {
				"north": {"uv": [0, 0, 1, 3], "texture": "#2"},
				"east": {"uv": [0, 0, 4, 3], "texture": "#2"},
				"south": {"uv": [0, 0, 1, 3], "texture": "#2"},
				"west": {"uv": [0, 0, 4, 3], "texture": "#2"},
				"up": {"uv": [0, 0, 3.57813, 3.92188], "texture": "#2"},
				"down": {"uv": [0, 0, 1, 4], "texture": "#2"}
			}
		},
		{
			"from": [5, 7, 5],
			"to": [7, 9, 7],
			"rotation": {"angle": 0, "axis": "y", "origin": [6, 8, 5.5]},
			"faces": {
				"north": {"uv": [0, 0, 2, 2], "texture": "#2"},
				"east": {"uv": [0, 0, 2, 2], "texture": "#2"},
				"south": {"uv": [0, 0, 2, 2], "texture": "#2"},
				"west": {"uv": [0, 0, 2, 2], "texture": "#2"},
				"up": {"uv": [0, 0, 3.95313, 1.92188], "rotation": 90, "texture": "#2"},
				"down": {"uv": [0, 0, 2, 2], "rotation": 270, "texture": "#2"}
			}
		},
		{
			"from": [5, 7, 11],
			"to": [7, 9, 13],
			"rotation": {"angle": 0, "axis": "y", "origin": [6, 8, 12.5]},
			"faces": {
				"north": {"uv": [0, 0, 2, 2], "texture": "#2"},
				"east": {"uv": [0, 0, 2, 2], "texture": "#2"},
				"south": {"uv": [0, 0, 2, 2], "texture": "#2"},
				"west": {"uv": [0, 0, 2, 2], "texture": "#2"},
				"up": {"uv": [0, 0, 3.95313, 1.92188], "rotation": 90, "texture": "#2"},
				"down": {"uv": [0, 0, 2, 2], "rotation": 270, "texture": "#2"}
			}
		},
		{
			"from": [7, 9, 11],
			"to": [9, 10, 13],
			"rotation": {"angle": 0, "axis": "y", "origin": [8, 10, 12.5]},
			"faces": {
				"north": {"uv": [0, 0, 2, 1], "texture": "#2"},
				"east": {"uv": [0, 0, 2, 1], "texture": "#2"},
				"south": {"uv": [0, 0, 2, 1], "texture": "#2"},
				"west": {"uv": [0, 0, 2, 1], "texture": "#2"},
				"up": {"uv": [0, 0, 3.95313, 1.92188], "rotation": 90, "texture": "#2"},
				"down": {"uv": [0, 0, 2, 2], "rotation": 270, "texture": "#2"}
			}
		},
		{
			"from": [9, 7, 11],
			"to": [11, 9, 12],
			"rotation": {"angle": 0, "axis": "y", "origin": [10, 8, 12.5]},
			"faces": {
				"north": {"uv": [0, 0, 2, 2], "texture": "#2"},
				"east": {"uv": [0, 0, 1, 2], "texture": "#2"},
				"south": {"uv": [0, 0, 2, 2], "texture": "#2"},
				"west": {"uv": [0, 0, 1, 2], "texture": "#2"},
				"up": {"uv": [0, 0, 3.57813, 1.92188], "rotation": 90, "texture": "#2"},
				"down": {"uv": [0, 0, 1, 2], "rotation": 270, "texture": "#2"}
			}
		},
		{
			"from": [7, 9, 6],
			"to": [12, 10, 11],
			"rotation": {"angle": 0, "axis": "y", "origin": [10, 10, 10.5]},
			"faces": {
				"north": {"uv": [0, 0, 5, 1], "texture": "#2"},
				"east": {"uv": [0, 0, 5, 1], "texture": "#2"},
				"south": {"uv": [0, 0, 5, 1], "texture": "#2"},
				"west": {"uv": [0, 0, 5, 1], "texture": "#2"},
				"up": {"uv": [0, 0, 6.95313, 4.92188], "rotation": 90, "texture": "#2"},
				"down": {"uv": [0, 0, 5, 5], "rotation": 270, "texture": "#2"}
			}
		},
		{
			"from": [12, 7, 10],
			"to": [14, 9, 11],
			"rotation": {"angle": 0, "axis": "y", "origin": [13, 8, 10.5]},
			"faces": {
				"north": {"uv": [0, 0, 2, 2], "texture": "#2"},
				"east": {"uv": [0, 0, 1, 2], "texture": "#2"},
				"south": {"uv": [0, 0, 2, 2], "texture": "#2"},
				"west": {"uv": [0, 0, 1, 2], "texture": "#2"},
				"up": {"uv": [0, 0, 3.57813, 1.92188], "rotation": 90, "texture": "#2"},
				"down": {"uv": [0, 0, 1, 2], "rotation": 270, "texture": "#2"}
			}
		},
		{
			"from": [11, 7, 5],
			"to": [13, 9, 6],
			"rotation": {"angle": 0, "axis": "y", "origin": [12, 8, 5.5]},
			"faces": {
				"north": {"uv": [0, 0, 2, 2], "texture": "#2"},
				"east": {"uv": [0, 0, 1, 2], "texture": "#2"},
				"south": {"uv": [0, 0, 2, 2], "texture": "#2"},
				"west": {"uv": [0, 0, 1, 2], "texture": "#2"},
				"up": {"uv": [0, 0, 3.57813, 1.92188], "rotation": 90, "texture": "#2"},
				"down": {"uv": [0, 0, 1, 2], "rotation": 270, "texture": "#2"}
			}
		},
		{
			"from": [7, 7, 2],
			"to": [9, 9, 6],
			"rotation": {"angle": 0, "axis": "y", "origin": [8, 8, 2.5]},
			"faces": {
				"north": {"uv": [0, 0, 2, 2], "texture": "#2"},
				"east": {"uv": [0, 0, 4, 2], "texture": "#2"},
				"south": {"uv": [0, 0, 2, 2], "texture": "#2"},
				"west": {"uv": [0, 0, 4, 2], "texture": "#2"},
				"up": {"uv": [0, 0, 5.95313, 1.92188], "rotation": 90, "texture": "#2"},
				"down": {"uv": [0, 0, 4, 2], "rotation": 270, "texture": "#2"}
			}
		},
		{
			"from": [9, 7, 2],
			"to": [11, 9, 3],
			"rotation": {"angle": 0, "axis": "y", "origin": [10, 8, 2.5]},
			"faces": {
				"north": {"uv": [0, 0, 2, 2], "texture": "#2"},
				"east": {"uv": [0, 0, 1, 2], "texture": "#2"},
				"south": {"uv": [0, 0, 2, 2], "texture": "#2"},
				"west": {"uv": [0, 0, 1, 2], "texture": "#2"},
				"up": {"uv": [0, 0, 3.57813, 1.92188], "rotation": 90, "texture": "#2"},
				"down": {"uv": [0, 0, 1, 2], "rotation": 270, "texture": "#2"}
			}
		},
		{
			"from": [9, 7, 12],
			"to": [11, 9, 13],
			"rotation": {"angle": 0, "axis": "y", "origin": [10, 8, 12.5]},
			"faces": {
				"north": {"uv": [0, 0, 2, 2], "texture": "#2"},
				"east": {"uv": [0, 0, 1, 2], "texture": "#2"},
				"south": {"uv": [0, 0, 2, 2], "texture": "#2"},
				"west": {"uv": [0, 0, 1, 2], "texture": "#2"},
				"up": {"uv": [0, 0, 3.57813, 1.92188], "rotation": 90, "texture": "#2"},
				"down": {"uv": [0, 0, 1, 2], "rotation": 270, "texture": "#2"}
			}
		},
		{
			"from": [7, 7, 12],
			"to": [9, 9, 15],
			"rotation": {"angle": 0, "axis": "y", "origin": [8, 8, 14.5]},
			"faces": {
				"north": {"uv": [0, 0, 2, 2], "texture": "#2"},
				"east": {"uv": [0, 0, 3, 2], "texture": "#2"},
				"south": {"uv": [0, 0, 2, 2], "texture": "#2"},
				"west": {"uv": [0, 0, 3, 2], "texture": "#2"},
				"up": {"uv": [0, 0, 4.95313, 1.92188], "rotation": 90, "texture": "#2"},
				"down": {"uv": [0, 0, 3, 2], "rotation": 270, "texture": "#2"}
			}
		},
		{
			"from": [3, 5, 8],
			"to": [5, 7, 10],
			"rotation": {"angle": 0, "axis": "y", "origin": [3, 5, 8]},
			"faces": {
				"north": {"uv": [0, 0, 2, 2], "texture": "#2"},
				"east": {"uv": [0, 0, 2, 2], "texture": "#2"},
				"south": {"uv": [0, 0, 2, 2], "texture": "#2"},
				"west": {"uv": [0, 0, 2, 2], "texture": "#2"},
				"up": {"uv": [0, 0, 3.95313, 1.92188], "texture": "#2"},
				"down": {"uv": [0, 0, 2, 2], "texture": "#2"}
			}
		},
		{
			"from": [12, 7, 6],
			"to": [13, 10, 10],
			"rotation": {"angle": 0, "axis": "z", "origin": [9, 7.75, 8]},
			"faces": {
				"north": {"uv": [0, 0, 1, 3], "texture": "#2"},
				"east": {"uv": [0, 0, 4, 3], "texture": "#2"},
				"south": {"uv": [0, 0, 1, 3], "texture": "#2"},
				"west": {"uv": [0, 0, 4, 3], "texture": "#2"},
				"up": {"uv": [0, 0, 3.57813, 3.92188], "texture": "#2"},
				"down": {"uv": [0, 0, 1, 4], "texture": "#2"}
			}
		},
		{
			"from": [7, 5, 0],
			"to": [9, 7, 2],
			"rotation": {"angle": 0, "axis": "z", "origin": [9, 7.75, 8]},
			"faces": {
				"north": {"uv": [0, 0, 2, 2], "texture": "#2"},
				"east": {"uv": [0, 0, 2, 2], "texture": "#2"},
				"south": {"uv": [0, 0, 2, 2], "texture": "#2"},
				"west": {"uv": [0, 0, 2, 2], "texture": "#2"},
				"up": {"uv": [0, 0, 3.95313, 1.92188], "texture": "#2"},
				"down": {"uv": [0, 0, 2, 2], "texture": "#2"}
			}
		},
		{
			"from": [9, 5, 0],
			"to": [11, 7, 2],
			"rotation": {"angle": 0, "axis": "z", "origin": [9, 7.75, 8]},
			"faces": {
				"north": {"uv": [0, 0, 2, 2], "texture": "#2"},
				"east": {"uv": [0, 0, 2, 2], "texture": "#2"},
				"south": {"uv": [0, 0, 2, 2], "texture": "#2"},
				"west": {"uv": [0, 0, 2, 2], "texture": "#2"},
				"up": {"uv": [0, 0, 3.95313, 1.92188], "texture": "#2"},
				"down": {"uv": [0, 0, 2, 2], "texture": "#2"}
			}
		},
		{
			"from": [11, 5, 2],
			"to": [13, 7, 5],
			"rotation": {"angle": 0, "axis": "z", "origin": [9, 7.75, 8]},
			"faces": {
				"north": {"uv": [0, 0, 2, 2], "texture": "#2"},
				"east": {"uv": [0, 0, 3, 2], "texture": "#2"},
				"south": {"uv": [0, 0, 2, 2], "texture": "#2"},
				"west": {"uv": [0, 0, 3, 2], "texture": "#2"},
				"up": {"uv": [0, 0, 3.95313, 2.92188], "texture": "#2"},
				"down": {"uv": [0, 0, 2, 3], "texture": "#2"}
			}
		},
		{
			"from": [13, 5, 4],
			"to": [15, 7, 6],
			"rotation": {"angle": 0, "axis": "z", "origin": [9, 7.75, 8]},
			"faces": {
				"north": {"uv": [0, 0, 2, 2], "texture": "#2"},
				"east": {"uv": [0, 0, 2, 2], "texture": "#2"},
				"south": {"uv": [0, 0, 2, 2], "texture": "#2"},
				"west": {"uv": [0, 0, 2, 2], "texture": "#2"},
				"up": {"uv": [0, 0, 3.95313, 1.92188], "texture": "#2"},
				"down": {"uv": [0, 0, 2, 2], "texture": "#2"}
			}
		},
		{
			"from": [13, 5, 6],
			"to": [15, 7, 8],
			"rotation": {"angle": 0, "axis": "z", "origin": [9, 7.75, 8]},
			"faces": {
				"north": {"uv": [0, 0, 2, 2], "texture": "#2"},
				"east": {"uv": [0, 0, 2, 2], "texture": "#2"},
				"south": {"uv": [0, 0, 2, 2], "texture": "#2"},
				"west": {"uv": [0, 0, 2, 2], "texture": "#2"},
				"up": {"uv": [0, 0, 3.95313, 1.92188], "texture": "#2"},
				"down": {"uv": [0, 0, 2, 2], "texture": "#2"}
			}
		},
		{
			"from": [13, 5, 8],
			"to": [15, 7, 10],
			"rotation": {"angle": 0, "axis": "z", "origin": [9, 7.75, 8]},
			"faces": {
				"north": {"uv": [0, 0, 2, 2], "texture": "#2"},
				"east": {"uv": [0, 0, 2, 2], "texture": "#2"},
				"south": {"uv": [0, 0, 2, 2], "texture": "#2"},
				"west": {"uv": [0, 0, 2, 2], "texture": "#2"},
				"up": {"uv": [0, 0, 3.95313, 1.92188], "texture": "#2"},
				"down": {"uv": [0, 0, 2, 2], "texture": "#2"}
			}
		},
		{
			"from": [13, 5, 10],
			"to": [15, 7, 12],
			"rotation": {"angle": 0, "axis": "z", "origin": [9, 7.75, 8]},
			"faces": {
				"north": {"uv": [0, 0, 2, 2], "texture": "#2"},
				"east": {"uv": [0, 0, 2, 2], "texture": "#2"},
				"south": {"uv": [0, 0, 2, 2], "texture": "#2"},
				"west": {"uv": [0, 0, 2, 2], "texture": "#2"},
				"up": {"uv": [0, 0, 3.95313, 1.92188], "texture": "#2"},
				"down": {"uv": [0, 0, 2, 2], "texture": "#2"}
			}
		},
		{
			"from": [11, 5, 11],
			"to": [13, 7, 14],
			"rotation": {"angle": 0, "axis": "z", "origin": [9, 7.75, 8]},
			"faces": {
				"north": {"uv": [0, 0, 2, 2], "texture": "#2"},
				"east": {"uv": [0, 0, 3, 2], "texture": "#2"},
				"south": {"uv": [0, 0, 2, 2], "texture": "#2"},
				"west": {"uv": [0, 0, 3, 2], "texture": "#2"},
				"up": {"uv": [0, 0, 3.95313, 2.92188], "texture": "#2"},
				"down": {"uv": [0, 0, 2, 3], "texture": "#2"}
			}
		},
		{
			"from": [9, 5, 13],
			"to": [11, 7, 16],
			"rotation": {"angle": 0, "axis": "z", "origin": [9, 7.75, 8]},
			"faces": {
				"north": {"uv": [0, 0, 2, 2], "texture": "#2"},
				"east": {"uv": [0, 0, 3, 2], "texture": "#2"},
				"south": {"uv": [0, 0, 2, 2], "texture": "#2"},
				"west": {"uv": [0, 0, 3, 2], "texture": "#2"},
				"up": {"uv": [0, 0, 3.95313, 2.92188], "texture": "#2"},
				"down": {"uv": [0, 0, 2, 3], "texture": "#2"}
			}
		},
		{
			"from": [7, 5, 14],
			"to": [9, 7, 16],
			"rotation": {"angle": 0, "axis": "z", "origin": [9, 7.75, 8]},
			"faces": {
				"north": {"uv": [0, 0, 2, 2], "texture": "#2"},
				"east": {"uv": [0, 0, 2, 2], "texture": "#2"},
				"south": {"uv": [0, 0, 2, 2], "texture": "#2"},
				"west": {"uv": [0, 0, 2, 2], "texture": "#2"},
				"up": {"uv": [0, 0, 3.95313, 1.92188], "texture": "#2"},
				"down": {"uv": [0, 0, 2, 2], "texture": "#2"}
			}
		},
		{
			"from": [5, 5, 14],
			"to": [7, 7, 16],
			"rotation": {"angle": 0, "axis": "z", "origin": [9, 7.75, 8]},
			"faces": {
				"north": {"uv": [0, 0, 2, 2], "texture": "#2"},
				"east": {"uv": [0, 0, 2, 2], "texture": "#2"},
				"south": {"uv": [0, 0, 2, 2], "texture": "#2"},
				"west": {"uv": [0, 0, 2, 2], "texture": "#2"},
				"up": {"uv": [0, 0, 3.95313, 1.92188], "texture": "#2"},
				"down": {"uv": [0, 0, 2, 2], "texture": "#2"}
			}
		},
		{
			"from": [5, 5, 12],
			"to": [7, 7, 14],
			"rotation": {"angle": 0, "axis": "z", "origin": [9, 7.75, 8]},
			"faces": {
				"north": {"uv": [0, 0, 2, 2], "texture": "#2"},
				"east": {"uv": [0, 0, 2, 2], "texture": "#2"},
				"south": {"uv": [0, 0, 2, 2], "texture": "#2"},
				"west": {"uv": [0, 0, 2, 2], "texture": "#2"},
				"up": {"uv": [0, 0, 3.95313, 1.92188], "texture": "#2"},
				"down": {"uv": [0, 0, 2, 2], "texture": "#2"}
			}
		},
		{
			"from": [3, 5, 12],
			"to": [5, 7, 14],
			"rotation": {"angle": 0, "axis": "z", "origin": [9, 7.75, 8]},
			"faces": {
				"north": {"uv": [0, 0, 2, 2], "texture": "#2"},
				"east": {"uv": [0, 0, 2, 2], "texture": "#2"},
				"south": {"uv": [0, 0, 2, 2], "texture": "#2"},
				"west": {"uv": [0, 0, 2, 2], "texture": "#2"},
				"up": {"uv": [0, 0, 3.95313, 1.92188], "texture": "#2"},
				"down": {"uv": [0, 0, 2, 2], "texture": "#2"}
			}
		},
		{
			"from": [3, 5, 10],
			"to": [5, 7, 12],
			"rotation": {"angle": 0, "axis": "z", "origin": [9, 7.75, 8]},
			"faces": {
				"north": {"uv": [0, 0, 2, 2], "texture": "#2"},
				"east": {"uv": [0, 0, 2, 2], "texture": "#2"},
				"south": {"uv": [0, 0, 2, 2], "texture": "#2"},
				"west": {"uv": [0, 0, 2, 2], "texture": "#2"},
				"up": {"uv": [0, 0, 3.95313, 1.92188], "texture": "#2"},
				"down": {"uv": [0, 0, 2, 2], "texture": "#2"}
			}
		},
		{
			"from": [3, 5, 8],
			"to": [5, 7, 10],
			"rotation": {"angle": 0, "axis": "z", "origin": [9, 7.75, 8]},
			"faces": {
				"north": {"uv": [0, 0, 2, 2], "texture": "#2"},
				"east": {"uv": [0, 0, 2, 2], "texture": "#2"},
				"south": {"uv": [0, 0, 2, 2], "texture": "#2"},
				"west": {"uv": [0, 0, 2, 2], "texture": "#2"},
				"up": {"uv": [0, 0, 3.95313, 1.92188], "texture": "#2"},
				"down": {"uv": [0, 0, 2, 2], "texture": "#2"}
			}
		},
		{
			"from": [3, 5, 8],
			"to": [5, 7, 10],
			"rotation": {"angle": 0, "axis": "z", "origin": [9, 7.75, 8]},
			"faces": {
				"north": {"uv": [0, 0, 2, 2], "texture": "#2"},
				"east": {"uv": [0, 0, 2, 2], "texture": "#2"},
				"south": {"uv": [0, 0, 2, 2], "texture": "#2"},
				"west": {"uv": [0, 0, 2, 2], "texture": "#2"},
				"up": {"uv": [0, 0, 3.95313, 1.92188], "texture": "#2"},
				"down": {"uv": [0, 0, 2, 2], "texture": "#2"}
			}
		},
		{
			"from": [3, 5, 6],
			"to": [5, 7, 8],
			"rotation": {"angle": 0, "axis": "z", "origin": [9, 7.75, 8]},
			"faces": {
				"north": {"uv": [0, 0, 2, 2], "texture": "#2"},
				"east": {"uv": [0, 0, 2, 2], "texture": "#2"},
				"south": {"uv": [0, 0, 2, 2], "texture": "#2"},
				"west": {"uv": [0, 0, 2, 2], "texture": "#2"},
				"up": {"uv": [0, 0, 3.95313, 1.92188], "texture": "#2"},
				"down": {"uv": [0, 0, 2, 2], "texture": "#2"}
			}
		},
		{
			"from": [5, 5, 2],
			"to": [7, 7, 4],
			"rotation": {"angle": 0, "axis": "z", "origin": [9, 7.75, 8]},
			"faces": {
				"north": {"uv": [0, 0, 2, 2], "texture": "#2"},
				"east": {"uv": [0, 0, 2, 2], "texture": "#2"},
				"south": {"uv": [0, 0, 2, 2], "texture": "#2"},
				"west": {"uv": [0, 0, 2, 2], "texture": "#2"},
				"up": {"uv": [0, 0, 3.95313, 1.92188], "texture": "#2"},
				"down": {"uv": [0, 0, 2, 2], "texture": "#2"}
			}
		},
		{
			"from": [5, 5, 4],
			"to": [7, 7, 6],
			"rotation": {"angle": 0, "axis": "z", "origin": [9, 7.75, 8]},
			"faces": {
				"north": {"uv": [0, 0, 2, 2], "texture": "#2"},
				"east": {"uv": [0, 0, 2, 2], "texture": "#2"},
				"south": {"uv": [0, 0, 2, 2], "texture": "#2"},
				"west": {"uv": [0, 0, 2, 2], "texture": "#2"},
				"up": {"uv": [0, 0, 3.95313, 1.92188], "texture": "#2"},
				"down": {"uv": [0, 0, 2, 2], "texture": "#2"}
			}
		},
		{
			"from": [3, 5, 4],
			"to": [5, 7, 6],
			"rotation": {"angle": 0, "axis": "z", "origin": [9, 7.75, 8]},
			"faces": {
				"north": {"uv": [0, 0, 2, 2], "texture": "#2"},
				"east": {"uv": [0, 0, 2, 2], "texture": "#2"},
				"south": {"uv": [0, 0, 2, 2], "texture": "#2"},
				"west": {"uv": [0, 0, 2, 2], "texture": "#2"},
				"up": {"uv": [0, 0, 3.95313, 1.92188], "texture": "#2"},
				"down": {"uv": [0, 0, 2, 2], "texture": "#2"}
			}
		},
		{
			"from": [6, 7, 3],
			"to": [7, 9, 5],
			"rotation": {"angle": 0, "axis": "z", "origin": [9, 7.75, 8]},
			"faces": {
				"north": {"uv": [0, 0, 1, 2], "texture": "#2"},
				"east": {"uv": [0, 0, 2, 2], "texture": "#2"},
				"south": {"uv": [0, 0, 1, 2], "texture": "#2"},
				"west": {"uv": [0, 0, 2, 2], "texture": "#2"},
				"up": {"uv": [0, 0, 3.57813, 1.92188], "texture": "#2"},
				"down": {"uv": [0, 0, 1, 2], "texture": "#2"}
			}
		},
		{
			"from": [5, 7, 5],
			"to": [7, 9, 7],
			"rotation": {"angle": 0, "axis": "z", "origin": [9, 7.75, 8]},
			"faces": {
				"north": {"uv": [0, 0, 2, 2], "texture": "#2"},
				"east": {"uv": [0, 0, 2, 2], "texture": "#2"},
				"south": {"uv": [0, 0, 2, 2], "texture": "#2"},
				"west": {"uv": [0, 0, 2, 2], "texture": "#2"},
				"up": {"uv": [0, 0, 3.95313, 1.92188], "rotation": 90, "texture": "#2"},
				"down": {"uv": [0, 0, 2, 2], "rotation": 270, "texture": "#2"}
			}
		},
		{
			"from": [4, 7, 5],
			"to": [5, 9, 7],
			"rotation": {"angle": 0, "axis": "z", "origin": [9, 7.75, 8]},
			"faces": {
				"north": {"uv": [0, 0, 1, 2], "texture": "#2"},
				"east": {"uv": [0, 0, 2, 2], "texture": "#2"},
				"south": {"uv": [0, 0, 1, 2], "texture": "#2"},
				"west": {"uv": [0, 0, 2, 2], "texture": "#2"},
				"up": {"uv": [0, 0, 3.57813, 1.92188], "texture": "#2"},
				"down": {"uv": [0, 0, 1, 2], "texture": "#2"}
			}
		},
		{
			"from": [4, 7, 7],
			"to": [7, 9, 9],
			"rotation": {"angle": 0, "axis": "z", "origin": [9, 7.75, 8]},
			"faces": {
				"north": {"uv": [0, 0, 3, 2], "texture": "#2"},
				"east": {"uv": [0, 0, 2, 2], "texture": "#2"},
				"south": {"uv": [0, 0, 3, 2], "texture": "#2"},
				"west": {"uv": [0, 0, 2, 2], "texture": "#2"},
				"up": {"uv": [0, 0, 4.95313, 1.92188], "texture": "#2"},
				"down": {"uv": [0, 0, 3, 2], "texture": "#2"}
			}
		},
		{
			"from": [4, 7, 9],
			"to": [7, 9, 11],
			"rotation": {"angle": 0, "axis": "z", "origin": [9, 7.75, 8]},
			"faces": {
				"north": {"uv": [0, 0, 3, 2], "texture": "#2"},
				"east": {"uv": [0, 0, 2, 2], "texture": "#2"},
				"south": {"uv": [0, 0, 3, 2], "texture": "#2"},
				"west": {"uv": [0, 0, 2, 2], "texture": "#2"},
				"up": {"uv": [0, 0, 4.95313, 1.92188], "texture": "#2"},
				"down": {"uv": [0, 0, 3, 2], "texture": "#2"}
			}
		},
		{
			"from": [4, 7, 11],
			"to": [5, 9, 13],
			"rotation": {"angle": 0, "axis": "z", "origin": [9, 7.75, 8]},
			"faces": {
				"north": {"uv": [0, 0, 1, 2], "texture": "#2"},
				"east": {"uv": [0, 0, 2, 2], "texture": "#2"},
				"south": {"uv": [0, 0, 1, 2], "texture": "#2"},
				"west": {"uv": [0, 0, 2, 2], "texture": "#2"},
				"up": {"uv": [0, 0, 3.57813, 1.92188], "texture": "#2"},
				"down": {"uv": [0, 0, 1, 2], "texture": "#2"}
			}
		},
		{
			"from": [5, 7, 11],
			"to": [7, 9, 13],
			"rotation": {"angle": 0, "axis": "z", "origin": [9, 7.75, 8]},
			"faces": {
				"north": {"uv": [0, 0, 2, 2], "texture": "#2"},
				"east": {"uv": [0, 0, 2, 2], "texture": "#2"},
				"south": {"uv": [0, 0, 2, 2], "texture": "#2"},
				"west": {"uv": [0, 0, 2, 2], "texture": "#2"},
				"up": {"uv": [0, 0, 3.95313, 1.92188], "rotation": 90, "texture": "#2"},
				"down": {"uv": [0, 0, 2, 2], "rotation": 270, "texture": "#2"}
			}
		},
		{
			"from": [6, 7, 13],
			"to": [7, 9, 15],
			"rotation": {"angle": 0, "axis": "z", "origin": [9, 7.75, 8]},
			"faces": {
				"north": {"uv": [0, 0, 1, 2], "texture": "#2"},
				"east": {"uv": [0, 0, 2, 2], "texture": "#2"},
				"south": {"uv": [0, 0, 1, 2], "texture": "#2"},
				"west": {"uv": [0, 0, 2, 2], "texture": "#2"},
				"up": {"uv": [0, 0, 3.57813, 1.92188], "texture": "#2"},
				"down": {"uv": [0, 0, 1, 2], "texture": "#2"}
			}
		},
		{
			"from": [7, 7, 12],
			"to": [9, 9, 15],
			"rotation": {"angle": 0, "axis": "z", "origin": [9, 7.75, 8]},
			"faces": {
				"north": {"uv": [0, 0, 2, 2], "texture": "#2"},
				"east": {"uv": [0, 0, 3, 2], "texture": "#2"},
				"south": {"uv": [0, 0, 2, 2], "texture": "#2"},
				"west": {"uv": [0, 0, 3, 2], "texture": "#2"},
				"up": {"uv": [0, 0, 4.95313, 1.92188], "rotation": 90, "texture": "#2"},
				"down": {"uv": [0, 0, 3, 2], "rotation": 270, "texture": "#2"}
			}
		},
		{
			"from": [9, 7, 13],
			"to": [10, 9, 15],
			"rotation": {"angle": 0, "axis": "z", "origin": [9, 7.75, 8]},
			"faces": {
				"north": {"uv": [0, 0, 1, 2], "texture": "#2"},
				"east": {"uv": [0, 0, 2, 2], "texture": "#2"},
				"south": {"uv": [0, 0, 1, 2], "texture": "#2"},
				"west": {"uv": [0, 0, 2, 2], "texture": "#2"},
				"up": {"uv": [0, 0, 3.57813, 1.92188], "texture": "#2"},
				"down": {"uv": [0, 0, 1, 2], "texture": "#2"}
			}
		},
		{
			"from": [9, 7, 11],
			"to": [11, 9, 12],
			"rotation": {"angle": 0, "axis": "z", "origin": [9, 7.75, 8]},
			"faces": {
				"north": {"uv": [0, 0, 2, 2], "texture": "#2"},
				"east": {"uv": [0, 0, 1, 2], "texture": "#2"},
				"south": {"uv": [0, 0, 2, 2], "texture": "#2"},
				"west": {"uv": [0, 0, 1, 2], "texture": "#2"},
				"up": {"uv": [0, 0, 3.57813, 1.92188], "rotation": 90, "texture": "#2"},
				"down": {"uv": [0, 0, 1, 2], "rotation": 270, "texture": "#2"}
			}
		},
		{
			"from": [9, 7, 12],
			"to": [11, 9, 13],
			"rotation": {"angle": 0, "axis": "z", "origin": [9, 7.75, 8]},
			"faces": {
				"north": {"uv": [0, 0, 2, 2], "texture": "#2"},
				"east": {"uv": [0, 0, 1, 2], "texture": "#2"},
				"south": {"uv": [0, 0, 2, 2], "texture": "#2"},
				"west": {"uv": [0, 0, 1, 2], "texture": "#2"},
				"up": {"uv": [0, 0, 3.57813, 1.92188], "rotation": 90, "texture": "#2"},
				"down": {"uv": [0, 0, 1, 2], "rotation": 270, "texture": "#2"}
			}
		},
		{
			"from": [11, 7, 11],
			"to": [12, 9, 13],
			"rotation": {"angle": 0, "axis": "z", "origin": [9, 7.75, 8]},
			"faces": {
				"north": {"uv": [0, 0, 1, 2], "texture": "#2"},
				"east": {"uv": [0, 0, 2, 2], "texture": "#2"},
				"south": {"uv": [0, 0, 1, 2], "texture": "#2"},
				"west": {"uv": [0, 0, 2, 2], "texture": "#2"},
				"up": {"uv": [0, 0, 3.57813, 1.92188], "texture": "#2"},
				"down": {"uv": [0, 0, 1, 2], "texture": "#2"}
			}
		},
		{
			"from": [12, 7, 10],
			"to": [14, 9, 11],
			"rotation": {"angle": 0, "axis": "z", "origin": [9, 7.75, 8]},
			"faces": {
				"north": {"uv": [0, 0, 2, 2], "texture": "#2"},
				"east": {"uv": [0, 0, 1, 2], "texture": "#2"},
				"south": {"uv": [0, 0, 2, 2], "texture": "#2"},
				"west": {"uv": [0, 0, 1, 2], "texture": "#2"},
				"up": {"uv": [0, 0, 3.57813, 1.92188], "rotation": 90, "texture": "#2"},
				"down": {"uv": [0, 0, 1, 2], "rotation": 270, "texture": "#2"}
			}
		},
		{
			"from": [13, 7, 5],
			"to": [14, 9, 10],
			"rotation": {"angle": 0, "axis": "z", "origin": [9, 7.75, 8]},
			"faces": {
				"north": {"uv": [0, 0, 1, 2], "texture": "#2"},
				"east": {"uv": [0, 0, 5, 2], "texture": "#2"},
				"south": {"uv": [0, 0, 1, 2], "texture": "#2"},
				"west": {"uv": [0, 0, 5, 2], "texture": "#2"},
				"up": {"uv": [0, 0, 3.57813, 4.92188], "texture": "#2"},
				"down": {"uv": [0, 0, 1, 5], "texture": "#2"}
			}
		},
		{
			"from": [11, 7, 5],
			"to": [13, 9, 6],
			"rotation": {"angle": 0, "axis": "z", "origin": [9, 7.75, 8]},
			"faces": {
				"north": {"uv": [0, 0, 2, 2], "texture": "#2"},
				"east": {"uv": [0, 0, 1, 2], "texture": "#2"},
				"south": {"uv": [0, 0, 2, 2], "texture": "#2"},
				"west": {"uv": [0, 0, 1, 2], "texture": "#2"},
				"up": {"uv": [0, 0, 3.57813, 1.92188], "rotation": 90, "texture": "#2"},
				"down": {"uv": [0, 0, 1, 2], "rotation": 270, "texture": "#2"}
			}
		},
		{
			"from": [7, 7, 2],
			"to": [9, 9, 6],
			"rotation": {"angle": 0, "axis": "z", "origin": [9, 7.75, 8]},
			"faces": {
				"north": {"uv": [0, 0, 2, 2], "texture": "#2"},
				"east": {"uv": [0, 0, 4, 2], "texture": "#2"},
				"south": {"uv": [0, 0, 2, 2], "texture": "#2"},
				"west": {"uv": [0, 0, 4, 2], "texture": "#2"},
				"up": {"uv": [0, 0, 5.95313, 1.92188], "rotation": 90, "texture": "#2"},
				"down": {"uv": [0, 0, 4, 2], "rotation": 270, "texture": "#2"}
			}
		},
		{
			"from": [9, 7, 2],
			"to": [11, 9, 3],
			"rotation": {"angle": 0, "axis": "z", "origin": [9, 7.75, 8]},
			"faces": {
				"north": {"uv": [0, 0, 2, 2], "texture": "#2"},
				"east": {"uv": [0, 0, 1, 2], "texture": "#2"},
				"south": {"uv": [0, 0, 2, 2], "texture": "#2"},
				"west": {"uv": [0, 0, 1, 2], "texture": "#2"},
				"up": {"uv": [0, 0, 3.57813, 1.92188], "rotation": 90, "texture": "#2"},
				"down": {"uv": [0, 0, 1, 2], "rotation": 270, "texture": "#2"}
			}
		},
		{
			"from": [9, 7, 3],
			"to": [11, 9, 5],
			"rotation": {"angle": 0, "axis": "z", "origin": [9, 7.75, 8]},
			"faces": {
				"north": {"uv": [0, 0, 2, 2], "texture": "#2"},
				"east": {"uv": [0, 0, 2, 2], "texture": "#2"},
				"south": {"uv": [0, 0, 2, 2], "texture": "#2"},
				"west": {"uv": [0, 0, 2, 2], "texture": "#2"},
				"up": {"uv": [0, 0, 3.95313, 1.92188], "texture": "#2"},
				"down": {"uv": [0, 0, 2, 2], "texture": "#2"}
			}
		},
		{
			"from": [7, 9, 6],
			"to": [12, 10, 11],
			"rotation": {"angle": 0, "axis": "z", "origin": [9, 7.75, 8]},
			"faces": {
				"north": {"uv": [0, 0, 5, 1], "texture": "#2"},
				"east": {"uv": [0, 0, 5, 1], "texture": "#2"},
				"south": {"uv": [0, 0, 5, 1], "texture": "#2"},
				"west": {"uv": [0, 0, 5, 1], "texture": "#2"},
				"up": {"uv": [0, 0, 6.95313, 4.92188], "rotation": 90, "texture": "#2"},
				"down": {"uv": [0, 0, 5, 5], "rotation": 270, "texture": "#2"}
			}
		},
		{
			"from": [7, 9, 11],
			"to": [9, 10, 13],
			"rotation": {"angle": 0, "axis": "z", "origin": [9, 7.75, 8]},
			"faces": {
				"north": {"uv": [0, 0, 2, 1], "texture": "#2"},
				"east": {"uv": [0, 0, 2, 1], "texture": "#2"},
				"south": {"uv": [0, 0, 2, 1], "texture": "#2"},
				"west": {"uv": [0, 0, 2, 1], "texture": "#2"},
				"up": {"uv": [0, 0, 3.95313, 1.92188], "rotation": 90, "texture": "#2"},
				"down": {"uv": [0, 0, 2, 2], "rotation": 270, "texture": "#2"}
			}
		},
		{
			"from": [9, 9, 5],
			"to": [11, 10, 6],
			"rotation": {"angle": 0, "axis": "z", "origin": [9, 7.75, 8]},
			"faces": {
				"north": {"uv": [0, 0, 2, 1], "texture": "#2"},
				"east": {"uv": [0, 0, 1, 1], "texture": "#2"},
				"south": {"uv": [0, 0, 2, 1], "texture": "#2"},
				"west": {"uv": [0, 0, 1, 1], "texture": "#2"},
				"up": {"uv": [0, 0, 3.95313, 1.375], "texture": "#2"},
				"down": {"uv": [0, 0, 2, 1], "texture": "#2"}
			}
		},
		{
			"from": [11.75, 0, 6.25],
			"to": [12.75, 3, 10.25],
			"rotation": {"angle": 0, "axis": "x", "origin": [8.75, 2.25, 8.25]},
			"faces": {
				"north": {"uv": [0, 0, 1, 3], "rotation": 180, "texture": "#2"},
				"east": {"uv": [0, 0, 4, 3], "rotation": 180, "texture": "#2"},
				"south": {"uv": [0, 0, 1, 3], "rotation": 180, "texture": "#2"},
				"west": {"uv": [0, 0, 4, 3], "rotation": 180, "texture": "#2"},
				"up": {"uv": [0, 0, 3.57813, 3.92188], "texture": "#2"},
				"down": {"uv": [0, 0, 1, 4], "texture": "#2"}
			}
		},
		{
			"from": [6.75, 3, 14.25],
			"to": [8.75, 5, 16.25],
			"rotation": {"angle": 0, "axis": "x", "origin": [8.75, 2.25, 8.25]},
			"faces": {
				"north": {"uv": [0, 0, 2, 2], "rotation": 180, "texture": "#2"},
				"east": {"uv": [0, 0, 2, 2], "rotation": 180, "texture": "#2"},
				"south": {"uv": [0, 0, 2, 2], "rotation": 180, "texture": "#2"},
				"west": {"uv": [0, 0, 2, 2], "rotation": 180, "texture": "#2"},
				"up": {"uv": [0, 0, 3.95313, 1.92188], "texture": "#2"},
				"down": {"uv": [0, 0, 2, 2], "texture": "#2"}
			}
		},
		{
			"from": [8.75, 3, 14.25],
			"to": [10.75, 5, 16.25],
			"rotation": {"angle": 0, "axis": "x", "origin": [8.75, 2.25, 8.25]},
			"faces": {
				"north": {"uv": [0, 0, 2, 2], "rotation": 180, "texture": "#2"},
				"east": {"uv": [0, 0, 2, 2], "rotation": 180, "texture": "#2"},
				"south": {"uv": [0, 0, 2, 2], "rotation": 180, "texture": "#2"},
				"west": {"uv": [0, 0, 2, 2], "rotation": 180, "texture": "#2"},
				"up": {"uv": [0, 0, 3.95313, 1.92188], "texture": "#2"},
				"down": {"uv": [0, 0, 2, 2], "texture": "#2"}
			}
		},
		{
			"from": [10.75, 3, 11.25],
			"to": [12.75, 5, 14.25],
			"rotation": {"angle": 0, "axis": "x", "origin": [8.75, 2.25, 8.25]},
			"faces": {
				"north": {"uv": [0, 0, 2, 2], "rotation": 180, "texture": "#2"},
				"east": {"uv": [0, 0, 3, 2], "rotation": 180, "texture": "#2"},
				"south": {"uv": [0, 0, 2, 2], "rotation": 180, "texture": "#2"},
				"west": {"uv": [0, 0, 3, 2], "rotation": 180, "texture": "#2"},
				"up": {"uv": [0, 0, 3.95313, 2.92188], "texture": "#2"},
				"down": {"uv": [0, 0, 2, 3], "texture": "#2"}
			}
		},
		{
			"from": [12.75, 3, 10.25],
			"to": [14.75, 5, 12.25],
			"rotation": {"angle": 0, "axis": "x", "origin": [8.75, 2.25, 8.25]},
			"faces": {
				"north": {"uv": [0, 0, 2, 2], "rotation": 180, "texture": "#2"},
				"east": {"uv": [0, 0, 2, 2], "rotation": 180, "texture": "#2"},
				"south": {"uv": [0, 0, 2, 2], "rotation": 180, "texture": "#2"},
				"west": {"uv": [0, 0, 2, 2], "rotation": 180, "texture": "#2"},
				"up": {"uv": [0, 0, 3.95313, 1.92188], "texture": "#2"},
				"down": {"uv": [0, 0, 2, 2], "texture": "#2"}
			}
		},
		{
			"from": [12.75, 3, 8.25],
			"to": [14.75, 5, 10.25],
			"rotation": {"angle": 0, "axis": "x", "origin": [8.75, 2.25, 8.25]},
			"faces": {
				"north": {"uv": [0, 0, 2, 2], "rotation": 180, "texture": "#2"},
				"east": {"uv": [0, 0, 2, 2], "rotation": 180, "texture": "#2"},
				"south": {"uv": [0, 0, 2, 2], "rotation": 180, "texture": "#2"},
				"west": {"uv": [0, 0, 2, 2], "rotation": 180, "texture": "#2"},
				"up": {"uv": [0, 0, 3.95313, 1.92188], "texture": "#2"},
				"down": {"uv": [0, 0, 2, 2], "texture": "#2"}
			}
		},
		{
			"from": [12.75, 3, 6.25],
			"to": [14.75, 5, 8.25],
			"rotation": {"angle": 0, "axis": "x", "origin": [8.75, 2.25, 8.25]},
			"faces": {
				"north": {"uv": [0, 0, 2, 2], "rotation": 180, "texture": "#2"},
				"east": {"uv": [0, 0, 2, 2], "rotation": 180, "texture": "#2"},
				"south": {"uv": [0, 0, 2, 2], "rotation": 180, "texture": "#2"},
				"west": {"uv": [0, 0, 2, 2], "rotation": 180, "texture": "#2"},
				"up": {"uv": [0, 0, 3.95313, 1.92188], "texture": "#2"},
				"down": {"uv": [0, 0, 2, 2], "texture": "#2"}
			}
		},
		{
			"from": [12.75, 3, 4.25],
			"to": [14.75, 5, 6.25],
			"rotation": {"angle": 0, "axis": "x", "origin": [8.75, 2.25, 8.25]},
			"faces": {
				"north": {"uv": [0, 0, 2, 2], "rotation": 180, "texture": "#2"},
				"east": {"uv": [0, 0, 2, 2], "rotation": 180, "texture": "#2"},
				"south": {"uv": [0, 0, 2, 2], "rotation": 180, "texture": "#2"},
				"west": {"uv": [0, 0, 2, 2], "rotation": 180, "texture": "#2"},
				"up": {"uv": [0, 0, 3.95313, 1.92188], "texture": "#2"},
				"down": {"uv": [0, 0, 2, 2], "texture": "#2"}
			}
		},
		{
			"from": [10.75, 3, 2.25],
			"to": [12.75, 5, 5.25],
			"rotation": {"angle": 0, "axis": "x", "origin": [8.75, 2.25, 8.25]},
			"faces": {
				"north": {"uv": [0, 0, 2, 2], "rotation": 180, "texture": "#2"},
				"east": {"uv": [0, 0, 3, 2], "rotation": 180, "texture": "#2"},
				"south": {"uv": [0, 0, 2, 2], "rotation": 180, "texture": "#2"},
				"west": {"uv": [0, 0, 3, 2], "rotation": 180, "texture": "#2"},
				"up": {"uv": [0, 0, 3.95313, 2.92188], "texture": "#2"},
				"down": {"uv": [0, 0, 2, 3], "texture": "#2"}
			}
		},
		{
			"from": [8.75, 3, 0.25],
			"to": [10.75, 5, 3.25],
			"rotation": {"angle": 0, "axis": "x", "origin": [8.75, 2.25, 8.25]},
			"faces": {
				"north": {"uv": [0, 0, 2, 2], "rotation": 180, "texture": "#2"},
				"east": {"uv": [0, 0, 3, 2], "rotation": 180, "texture": "#2"},
				"south": {"uv": [0, 0, 2, 2], "rotation": 180, "texture": "#2"},
				"west": {"uv": [0, 0, 3, 2], "rotation": 180, "texture": "#2"},
				"up": {"uv": [0, 0, 3.95313, 2.92188], "texture": "#2"},
				"down": {"uv": [0, 0, 2, 3], "texture": "#2"}
			}
		},
		{
			"from": [6.75, 3, 0.25],
			"to": [8.75, 5, 2.25],
			"rotation": {"angle": 0, "axis": "x", "origin": [8.75, 2.25, 8.25]},
			"faces": {
				"north": {"uv": [0, 0, 2, 2], "rotation": 180, "texture": "#2"},
				"east": {"uv": [0, 0, 2, 2], "rotation": 180, "texture": "#2"},
				"south": {"uv": [0, 0, 2, 2], "rotation": 180, "texture": "#2"},
				"west": {"uv": [0, 0, 2, 2], "rotation": 180, "texture": "#2"},
				"up": {"uv": [0, 0, 3.95313, 1.92188], "texture": "#2"},
				"down": {"uv": [0, 0, 2, 2], "texture": "#2"}
			}
		},
		{
			"from": [4.75, 3, 0.25],
			"to": [6.75, 5, 2.25],
			"rotation": {"angle": 0, "axis": "x", "origin": [8.75, 2.25, 8.25]},
			"faces": {
				"north": {"uv": [0, 0, 2, 2], "rotation": 180, "texture": "#2"},
				"east": {"uv": [0, 0, 2, 2], "rotation": 180, "texture": "#2"},
				"south": {"uv": [0, 0, 2, 2], "rotation": 180, "texture": "#2"},
				"west": {"uv": [0, 0, 2, 2], "rotation": 180, "texture": "#2"},
				"up": {"uv": [0, 0, 3.95313, 1.92188], "texture": "#2"},
				"down": {"uv": [0, 0, 2, 2], "texture": "#2"}
			}
		},
		{
			"from": [4.75, 3, 2.25],
			"to": [6.75, 5, 4.25],
			"rotation": {"angle": 0, "axis": "x", "origin": [8.75, 2.25, 8.25]},
			"faces": {
				"north": {"uv": [0, 0, 2, 2], "rotation": 180, "texture": "#2"},
				"east": {"uv": [0, 0, 2, 2], "rotation": 180, "texture": "#2"},
				"south": {"uv": [0, 0, 2, 2], "rotation": 180, "texture": "#2"},
				"west": {"uv": [0, 0, 2, 2], "rotation": 180, "texture": "#2"},
				"up": {"uv": [0, 0, 3.95313, 1.92188], "texture": "#2"},
				"down": {"uv": [0, 0, 2, 2], "texture": "#2"}
			}
		},
		{
			"from": [2.75, 3, 2.25],
			"to": [4.75, 5, 4.25],
			"rotation": {"angle": 0, "axis": "x", "origin": [8.75, 2.25, 8.25]},
			"faces": {
				"north": {"uv": [0, 0, 2, 2], "rotation": 180, "texture": "#2"},
				"east": {"uv": [0, 0, 2, 2], "rotation": 180, "texture": "#2"},
				"south": {"uv": [0, 0, 2, 2], "rotation": 180, "texture": "#2"},
				"west": {"uv": [0, 0, 2, 2], "rotation": 180, "texture": "#2"},
				"up": {"uv": [0, 0, 3.95313, 1.92188], "texture": "#2"},
				"down": {"uv": [0, 0, 2, 2], "texture": "#2"}
			}
		},
		{
			"from": [2.75, 3, 4.25],
			"to": [4.75, 5, 6.25],
			"rotation": {"angle": 0, "axis": "x", "origin": [8.75, 2.25, 8.25]},
			"faces": {
				"north": {"uv": [0, 0, 2, 2], "rotation": 180, "texture": "#2"},
				"east": {"uv": [0, 0, 2, 2], "rotation": 180, "texture": "#2"},
				"south": {"uv": [0, 0, 2, 2], "rotation": 180, "texture": "#2"},
				"west": {"uv": [0, 0, 2, 2], "rotation": 180, "texture": "#2"},
				"up": {"uv": [0, 0, 3.95313, 1.92188], "texture": "#2"},
				"down": {"uv": [0, 0, 2, 2], "texture": "#2"}
			}
		},
		{
			"from": [2.75, 3, 6.25],
			"to": [4.75, 5, 8.25],
			"rotation": {"angle": 0, "axis": "x", "origin": [8.75, 2.25, 8.25]},
			"faces": {
				"north": {"uv": [0, 0, 2, 2], "rotation": 180, "texture": "#2"},
				"east": {"uv": [0, 0, 2, 2], "rotation": 180, "texture": "#2"},
				"south": {"uv": [0, 0, 2, 2], "rotation": 180, "texture": "#2"},
				"west": {"uv": [0, 0, 2, 2], "rotation": 180, "texture": "#2"},
				"up": {"uv": [0, 0, 3.95313, 1.92188], "texture": "#2"},
				"down": {"uv": [0, 0, 2, 2], "texture": "#2"}
			}
		},
		{
			"from": [2.75, 3, 6.25],
			"to": [4.75, 5, 8.25],
			"rotation": {"angle": 0, "axis": "x", "origin": [8.75, 2.25, 8.25]},
			"faces": {
				"north": {"uv": [0, 0, 2, 2], "rotation": 180, "texture": "#2"},
				"east": {"uv": [0, 0, 2, 2], "rotation": 180, "texture": "#2"},
				"south": {"uv": [0, 0, 2, 2], "rotation": 180, "texture": "#2"},
				"west": {"uv": [0, 0, 2, 2], "rotation": 180, "texture": "#2"},
				"up": {"uv": [0, 0, 3.95313, 1.92188], "texture": "#2"},
				"down": {"uv": [0, 0, 2, 2], "texture": "#2"}
			}
		},
		{
			"from": [2.75, 3, 8.25],
			"to": [4.75, 5, 10.25],
			"rotation": {"angle": 0, "axis": "x", "origin": [8.75, 2.25, 8.25]},
			"faces": {
				"north": {"uv": [0, 0, 2, 2], "rotation": 180, "texture": "#2"},
				"east": {"uv": [0, 0, 2, 2], "rotation": 180, "texture": "#2"},
				"south": {"uv": [0, 0, 2, 2], "rotation": 180, "texture": "#2"},
				"west": {"uv": [0, 0, 2, 2], "rotation": 180, "texture": "#2"},
				"up": {"uv": [0, 0, 3.95313, 1.92188], "texture": "#2"},
				"down": {"uv": [0, 0, 2, 2], "texture": "#2"}
			}
		},
		{
			"from": [4.75, 3, 12.25],
			"to": [6.75, 5, 14.25],
			"rotation": {"angle": 0, "axis": "x", "origin": [8.75, 2.25, 8.25]},
			"faces": {
				"north": {"uv": [0, 0, 2, 2], "rotation": 180, "texture": "#2"},
				"east": {"uv": [0, 0, 2, 2], "rotation": 180, "texture": "#2"},
				"south": {"uv": [0, 0, 2, 2], "rotation": 180, "texture": "#2"},
				"west": {"uv": [0, 0, 2, 2], "rotation": 180, "texture": "#2"},
				"up": {"uv": [0, 0, 3.95313, 1.92188], "texture": "#2"},
				"down": {"uv": [0, 0, 2, 2], "texture": "#2"}
			}
		},
		{
			"from": [4.75, 3, 10.25],
			"to": [6.75, 5, 12.25],
			"rotation": {"angle": 0, "axis": "x", "origin": [8.75, 2.25, 8.25]},
			"faces": {
				"north": {"uv": [0, 0, 2, 2], "rotation": 180, "texture": "#2"},
				"east": {"uv": [0, 0, 2, 2], "rotation": 180, "texture": "#2"},
				"south": {"uv": [0, 0, 2, 2], "rotation": 180, "texture": "#2"},
				"west": {"uv": [0, 0, 2, 2], "rotation": 180, "texture": "#2"},
				"up": {"uv": [0, 0, 3.95313, 1.92188], "texture": "#2"},
				"down": {"uv": [0, 0, 2, 2], "texture": "#2"}
			}
		},
		{
			"from": [2.75, 3, 10.25],
			"to": [4.75, 5, 12.25],
			"rotation": {"angle": 0, "axis": "x", "origin": [8.75, 2.25, 8.25]},
			"faces": {
				"north": {"uv": [0, 0, 2, 2], "rotation": 180, "texture": "#2"},
				"east": {"uv": [0, 0, 2, 2], "rotation": 180, "texture": "#2"},
				"south": {"uv": [0, 0, 2, 2], "rotation": 180, "texture": "#2"},
				"west": {"uv": [0, 0, 2, 2], "rotation": 180, "texture": "#2"},
				"up": {"uv": [0, 0, 3.95313, 1.92188], "texture": "#2"},
				"down": {"uv": [0, 0, 2, 2], "texture": "#2"}
			}
		},
		{
			"from": [5.75, 1, 11.25],
			"to": [6.75, 3, 13.25],
			"rotation": {"angle": 0, "axis": "x", "origin": [8.75, 2.25, 8.25]},
			"faces": {
				"north": {"uv": [0, 0, 1, 2], "rotation": 180, "texture": "#2"},
				"east": {"uv": [0, 0, 2, 2], "rotation": 180, "texture": "#2"},
				"south": {"uv": [0, 0, 1, 2], "rotation": 180, "texture": "#2"},
				"west": {"uv": [0, 0, 2, 2], "rotation": 180, "texture": "#2"},
				"up": {"uv": [0, 0, 3.57813, 1.92188], "texture": "#2"},
				"down": {"uv": [0, 0, 1, 2], "texture": "#2"}
			}
		},
		{
			"from": [4.75, 1, 9.25],
			"to": [6.75, 3, 11.25],
			"rotation": {"angle": 0, "axis": "x", "origin": [8.75, 2.25, 8.25]},
			"faces": {
				"north": {"uv": [0, 0, 2, 2], "rotation": 180, "texture": "#2"},
				"east": {"uv": [0, 0, 2, 2], "rotation": 180, "texture": "#2"},
				"south": {"uv": [0, 0, 2, 2], "rotation": 180, "texture": "#2"},
				"west": {"uv": [0, 0, 2, 2], "rotation": 180, "texture": "#2"},
				"up": {"uv": [0, 0, 3.95313, 1.92188], "rotation": 270, "texture": "#2"},
				"down": {"uv": [0, 0, 2, 2], "rotation": 90, "texture": "#2"}
			}
		},
		{
			"from": [3.75, 1, 9.25],
			"to": [4.75, 3, 11.25],
			"rotation": {"angle": 0, "axis": "x", "origin": [8.75, 2.25, 8.25]},
			"faces": {
				"north": {"uv": [0, 0, 1, 2], "rotation": 180, "texture": "#2"},
				"east": {"uv": [0, 0, 2, 2], "rotation": 180, "texture": "#2"},
				"south": {"uv": [0, 0, 1, 2], "rotation": 180, "texture": "#2"},
				"west": {"uv": [0, 0, 2, 2], "rotation": 180, "texture": "#2"},
				"up": {"uv": [0, 0, 3.57813, 1.92188], "texture": "#2"},
				"down": {"uv": [0, 0, 1, 2], "texture": "#2"}
			}
		},
		{
			"from": [3.75, 1, 7.25],
			"to": [6.75, 3, 9.25],
			"rotation": {"angle": 0, "axis": "x", "origin": [8.75, 2.25, 8.25]},
			"faces": {
				"north": {"uv": [0, 0, 3, 2], "rotation": 180, "texture": "#2"},
				"east": {"uv": [0, 0, 2, 2], "rotation": 180, "texture": "#2"},
				"south": {"uv": [0, 0, 3, 2], "rotation": 180, "texture": "#2"},
				"west": {"uv": [0, 0, 2, 2], "rotation": 180, "texture": "#2"},
				"up": {"uv": [0, 0, 4.95313, 1.92188], "texture": "#2"},
				"down": {"uv": [0, 0, 3, 2], "texture": "#2"}
			}
		},
		{
			"from": [3.75, 1, 5.25],
			"to": [6.75, 3, 7.25],
			"rotation": {"angle": 0, "axis": "x", "origin": [8.75, 2.25, 8.25]},
			"faces": {
				"north": {"uv": [0, 0, 3, 2], "rotation": 180, "texture": "#2"},
				"east": {"uv": [0, 0, 2, 2], "rotation": 180, "texture": "#2"},
				"south": {"uv": [0, 0, 3, 2], "rotation": 180, "texture": "#2"},
				"west": {"uv": [0, 0, 2, 2], "rotation": 180, "texture": "#2"},
				"up": {"uv": [0, 0, 4.95313, 1.92188], "texture": "#2"},
				"down": {"uv": [0, 0, 3, 2], "texture": "#2"}
			}
		},
		{
			"from": [3.75, 1, 3.25],
			"to": [4.75, 3, 5.25],
			"rotation": {"angle": 0, "axis": "x", "origin": [8.75, 2.25, 8.25]},
			"faces": {
				"north": {"uv": [0, 0, 1, 2], "rotation": 180, "texture": "#2"},
				"east": {"uv": [0, 0, 2, 2], "rotation": 180, "texture": "#2"},
				"south": {"uv": [0, 0, 1, 2], "rotation": 180, "texture": "#2"},
				"west": {"uv": [0, 0, 2, 2], "rotation": 180, "texture": "#2"},
				"up": {"uv": [0, 0, 3.57813, 1.92188], "texture": "#2"},
				"down": {"uv": [0, 0, 1, 2], "texture": "#2"}
			}
		},
		{
			"from": [4.75, 1, 3.25],
			"to": [6.75, 3, 5.25],
			"rotation": {"angle": 0, "axis": "x", "origin": [8.75, 2.25, 8.25]},
			"faces": {
				"north": {"uv": [0, 0, 2, 2], "rotation": 180, "texture": "#2"},
				"east": {"uv": [0, 0, 2, 2], "rotation": 180, "texture": "#2"},
				"south": {"uv": [0, 0, 2, 2], "rotation": 180, "texture": "#2"},
				"west": {"uv": [0, 0, 2, 2], "rotation": 180, "texture": "#2"},
				"up": {"uv": [0, 0, 3.95313, 1.92188], "rotation": 270, "texture": "#2"},
				"down": {"uv": [0, 0, 2, 2], "rotation": 90, "texture": "#2"}
			}
		},
		{
			"from": [5.75, 1, 1.25],
			"to": [6.75, 3, 3.25],
			"rotation": {"angle": 0, "axis": "x", "origin": [8.75, 2.25, 8.25]},
			"faces": {
				"north": {"uv": [0, 0, 1, 2], "rotation": 180, "texture": "#2"},
				"east": {"uv": [0, 0, 2, 2], "rotation": 180, "texture": "#2"},
				"south": {"uv": [0, 0, 1, 2], "rotation": 180, "texture": "#2"},
				"west": {"uv": [0, 0, 2, 2], "rotation": 180, "texture": "#2"},
				"up": {"uv": [0, 0, 3.57813, 1.92188], "texture": "#2"},
				"down": {"uv": [0, 0, 1, 2], "texture": "#2"}
			}
		},
		{
			"from": [6.75, 1, 1.25],
			"to": [8.75, 3, 4.25],
			"rotation": {"angle": 0, "axis": "x", "origin": [8.75, 2.25, 8.25]},
			"faces": {
				"north": {"uv": [0, 0, 2, 2], "rotation": 180, "texture": "#2"},
				"east": {"uv": [0, 0, 3, 2], "rotation": 180, "texture": "#2"},
				"south": {"uv": [0, 0, 2, 2], "rotation": 180, "texture": "#2"},
				"west": {"uv": [0, 0, 3, 2], "rotation": 180, "texture": "#2"},
				"up": {"uv": [0, 0, 4.95313, 1.92188], "rotation": 270, "texture": "#2"},
				"down": {"uv": [0, 0, 3, 2], "rotation": 90, "texture": "#2"}
			}
		},
		{
			"from": [8.75, 1, 1.25],
			"to": [9.75, 3, 3.25],
			"rotation": {"angle": 0, "axis": "x", "origin": [8.75, 2.25, 8.25]},
			"faces": {
				"north": {"uv": [0, 0, 1, 2], "rotation": 180, "texture": "#2"},
				"east": {"uv": [0, 0, 2, 2], "rotation": 180, "texture": "#2"},
				"south": {"uv": [0, 0, 1, 2], "rotation": 180, "texture": "#2"},
				"west": {"uv": [0, 0, 2, 2], "rotation": 180, "texture": "#2"},
				"up": {"uv": [0, 0, 3.57813, 1.92188], "texture": "#2"},
				"down": {"uv": [0, 0, 1, 2], "texture": "#2"}
			}
		},
		{
			"from": [8.75, 1, 4.25],
			"to": [10.75, 3, 5.25],
			"rotation": {"angle": 0, "axis": "x", "origin": [8.75, 2.25, 8.25]},
			"faces": {
				"north": {"uv": [0, 0, 2, 2], "rotation": 180, "texture": "#2"},
				"east": {"uv": [0, 0, 1, 2], "rotation": 180, "texture": "#2"},
				"south": {"uv": [0, 0, 2, 2], "rotation": 180, "texture": "#2"},
				"west": {"uv": [0, 0, 1, 2], "rotation": 180, "texture": "#2"},
				"up": {"uv": [0, 0, 3.57813, 1.92188], "rotation": 270, "texture": "#2"},
				"down": {"uv": [0, 0, 1, 2], "rotation": 90, "texture": "#2"}
			}
		},
		{
			"from": [8.75, 1, 3.25],
			"to": [10.75, 3, 4.25],
			"rotation": {"angle": 0, "axis": "x", "origin": [8.75, 2.25, 8.25]},
			"faces": {
				"north": {"uv": [0, 0, 2, 2], "rotation": 180, "texture": "#2"},
				"east": {"uv": [0, 0, 1, 2], "rotation": 180, "texture": "#2"},
				"south": {"uv": [0, 0, 2, 2], "rotation": 180, "texture": "#2"},
				"west": {"uv": [0, 0, 1, 2], "rotation": 180, "texture": "#2"},
				"up": {"uv": [0, 0, 3.57813, 1.92188], "rotation": 270, "texture": "#2"},
				"down": {"uv": [0, 0, 1, 2], "rotation": 90, "texture": "#2"}
			}
		},
		{
			"from": [10.75, 1, 3.25],
			"to": [11.75, 3, 5.25],
			"rotation": {"angle": 0, "axis": "x", "origin": [8.75, 2.25, 8.25]},
			"faces": {
				"north": {"uv": [0, 0, 1, 2], "rotation": 180, "texture": "#2"},
				"east": {"uv": [0, 0, 2, 2], "rotation": 180, "texture": "#2"},
				"south": {"uv": [0, 0, 1, 2], "rotation": 180, "texture": "#2"},
				"west": {"uv": [0, 0, 2, 2], "rotation": 180, "texture": "#2"},
				"up": {"uv": [0, 0, 3.57813, 1.92188], "texture": "#2"},
				"down": {"uv": [0, 0, 1, 2], "texture": "#2"}
			}
		},
		{
			"from": [11.75, 1, 5.25],
			"to": [13.75, 3, 6.25],
			"rotation": {"angle": 0, "axis": "x", "origin": [8.75, 2.25, 8.25]},
			"faces": {
				"north": {"uv": [0, 0, 2, 2], "rotation": 180, "texture": "#2"},
				"east": {"uv": [0, 0, 1, 2], "rotation": 180, "texture": "#2"},
				"south": {"uv": [0, 0, 2, 2], "rotation": 180, "texture": "#2"},
				"west": {"uv": [0, 0, 1, 2], "rotation": 180, "texture": "#2"},
				"up": {"uv": [0, 0, 3.57813, 1.92188], "rotation": 270, "texture": "#2"},
				"down": {"uv": [0, 0, 1, 2], "rotation": 90, "texture": "#2"}
			}
		},
		{
			"from": [12.75, 1, 6.25],
			"to": [13.75, 3, 11.25],
			"rotation": {"angle": 0, "axis": "x", "origin": [8.75, 2.25, 8.25]},
			"faces": {
				"north": {"uv": [0, 0, 1, 2], "rotation": 180, "texture": "#2"},
				"east": {"uv": [0, 0, 5, 2], "rotation": 180, "texture": "#2"},
				"south": {"uv": [0, 0, 1, 2], "rotation": 180, "texture": "#2"},
				"west": {"uv": [0, 0, 5, 2], "rotation": 180, "texture": "#2"},
				"up": {"uv": [0, 0, 3.57813, 4.92188], "texture": "#2"},
				"down": {"uv": [0, 0, 1, 5], "texture": "#2"}
			}
		},
		{
			"from": [10.75, 1, 10.25],
			"to": [12.75, 3, 11.25],
			"rotation": {"angle": 0, "axis": "x", "origin": [8.75, 2.25, 8.25]},
			"faces": {
				"north": {"uv": [0, 0, 2, 2], "rotation": 180, "texture": "#2"},
				"east": {"uv": [0, 0, 1, 2], "rotation": 180, "texture": "#2"},
				"south": {"uv": [0, 0, 2, 2], "rotation": 180, "texture": "#2"},
				"west": {"uv": [0, 0, 1, 2], "rotation": 180, "texture": "#2"},
				"up": {"uv": [0, 0, 3.57813, 1.92188], "rotation": 270, "texture": "#2"},
				"down": {"uv": [0, 0, 1, 2], "rotation": 90, "texture": "#2"}
			}
		},
		{
			"from": [6.75, 1, 10.25],
			"to": [8.75, 3, 14.25],
			"rotation": {"angle": 0, "axis": "x", "origin": [8.75, 2.25, 8.25]},
			"faces": {
				"north": {"uv": [0, 0, 2, 2], "rotation": 180, "texture": "#2"},
				"east": {"uv": [0, 0, 4, 2], "rotation": 180, "texture": "#2"},
				"south": {"uv": [0, 0, 2, 2], "rotation": 180, "texture": "#2"},
				"west": {"uv": [0, 0, 4, 2], "rotation": 180, "texture": "#2"},
				"up": {"uv": [0, 0, 5.95313, 1.92188], "rotation": 270, "texture": "#2"},
				"down": {"uv": [0, 0, 4, 2], "rotation": 90, "texture": "#2"}
			}
		},
		{
			"from": [8.75, 1, 13.25],
			"to": [10.75, 3, 14.25],
			"rotation": {"angle": 0, "axis": "x", "origin": [8.75, 2.25, 8.25]},
			"faces": {
				"north": {"uv": [0, 0, 2, 2], "rotation": 180, "texture": "#2"},
				"east": {"uv": [0, 0, 1, 2], "rotation": 180, "texture": "#2"},
				"south": {"uv": [0, 0, 2, 2], "rotation": 180, "texture": "#2"},
				"west": {"uv": [0, 0, 1, 2], "rotation": 180, "texture": "#2"},
				"up": {"uv": [0, 0, 3.57813, 1.92188], "rotation": 270, "texture": "#2"},
				"down": {"uv": [0, 0, 1, 2], "rotation": 90, "texture": "#2"}
			}
		},
		{
			"from": [8.75, 1, 11.25],
			"to": [10.75, 3, 13.25],
			"rotation": {"angle": 0, "axis": "x", "origin": [8.75, 2.25, 8.25]},
			"faces": {
				"north": {"uv": [0, 0, 2, 2], "rotation": 180, "texture": "#2"},
				"east": {"uv": [0, 0, 2, 2], "rotation": 180, "texture": "#2"},
				"south": {"uv": [0, 0, 2, 2], "rotation": 180, "texture": "#2"},
				"west": {"uv": [0, 0, 2, 2], "rotation": 180, "texture": "#2"},
				"up": {"uv": [0, 0, 3.95313, 1.92188], "texture": "#2"},
				"down": {"uv": [0, 0, 2, 2], "texture": "#2"}
			}
		},
		{
			"from": [6.75, 0, 5.25],
			"to": [11.75, 1, 10.25],
			"rotation": {"angle": 0, "axis": "x", "origin": [8.75, 2.25, 8.25]},
			"faces": {
				"north": {"uv": [0, 0, 5, 1], "rotation": 180, "texture": "#2"},
				"east": {"uv": [0, 0, 5, 1], "rotation": 180, "texture": "#2"},
				"south": {"uv": [0, 0, 5, 1], "rotation": 180, "texture": "#2"},
				"west": {"uv": [0, 0, 5, 1], "rotation": 180, "texture": "#2"},
				"up": {"uv": [0, 0, 6.95313, 4.92188], "rotation": 270, "texture": "#2"},
				"down": {"uv": [0, 0, 5, 5], "rotation": 90, "texture": "#2"}
			}
		},
		{
			"from": [6.75, 0, 3.25],
			"to": [8.75, 1, 5.25],
			"rotation": {"angle": 0, "axis": "x", "origin": [8.75, 2.25, 8.25]},
			"faces": {
				"north": {"uv": [0, 0, 2, 1], "rotation": 180, "texture": "#2"},
				"east": {"uv": [0, 0, 2, 1], "rotation": 180, "texture": "#2"},
				"south": {"uv": [0, 0, 2, 1], "rotation": 180, "texture": "#2"},
				"west": {"uv": [0, 0, 2, 1], "rotation": 180, "texture": "#2"},
				"up": {"uv": [0, 0, 3.95313, 1.92188], "rotation": 270, "texture": "#2"},
				"down": {"uv": [0, 0, 2, 2], "rotation": 90, "texture": "#2"}
			}
		},
		{
			"from": [8.75, 0, 10.25],
			"to": [10.75, 1, 11.25],
			"rotation": {"angle": 0, "axis": "x", "origin": [8.75, 2.25, 8.25]},
			"faces": {
				"north": {"uv": [0, 0, 2, 1], "rotation": 180, "texture": "#2"},
				"east": {"uv": [0, 0, 1, 1], "rotation": 180, "texture": "#2"},
				"south": {"uv": [0, 0, 2, 1], "rotation": 180, "texture": "#2"},
				"west": {"uv": [0, 0, 1, 1], "rotation": 180, "texture": "#2"},
				"up": {"uv": [0, 0, 3.95313, 1.375], "texture": "#2"},
				"down": {"uv": [0, 0, 2, 1], "texture": "#2"}
			}
		}
	],
	"display": {}
}