{
	"format_version": "1.21.6",
	"credit": "Made with Blockbench",
	"textures": {
		"0": "shroud:item/seeking_orbs_orb",
		"1": "shroud:item/seeking_orbs_ring",
		"particle": "shroud:item/seeking_orbs_orb"
	},
	"elements": [
		{
			"from": [6, 6, 6],
			"to": [9, 9, 9],
			"rotation": {"angle": 0, "axis": "y", "origin": [7, 6, 6]},
			"faces": {
				"north": {"uv": [0, 0, 3, 3], "texture": "#0"},
				"east": {"uv": [0, 0, 3, 3], "texture": "#0"},
				"south": {"uv": [0, 0, 3, 3], "texture": "#0"},
				"west": {"uv": [0, 0, 3, 3], "texture": "#0"},
				"up": {"uv": [0, 0, 3, 3], "texture": "#0"},
				"down": {"uv": [0, 0, 3, 3], "texture": "#0"}
			}
		},
		{
			"from": [4, 6.75, 5],
			"to": [5, 7.75, 10],
			"rotation": {"angle": 0, "axis": "y", "origin": [3, 5.75, 6]},
			"faces": {
				"north": {"uv": [0, 0, 1, 1], "texture": "#1"},
				"east": {"uv": [0, 0, 5, 1], "texture": "#1"},
				"south": {"uv": [0, 0, 1, 1], "texture": "#1"},
				"west": {"uv": [0, 0, 5, 1], "texture": "#1"},
				"up": {"uv": [0, 0, 1, 5], "texture": "#1"},
				"down": {"uv": [0, 0, 1, 5], "texture": "#1"}
			}
		},
		{
			"from": [4, 6.75, 10],
			"to": [11, 7.75, 11],
			"rotation": {"angle": 0, "axis": "y", "origin": [3, 5.75, 11]},
			"faces": {
				"north": {"uv": [0, 0, 7, 1], "texture": "#1"},
				"east": {"uv": [0, 0, 1, 1], "texture": "#1"},
				"south": {"uv": [0, 0, 7, 1], "texture": "#1"},
				"west": {"uv": [0, 0, 1, 1], "texture": "#1"},
				"up": {"uv": [0, 0, 7, 1], "texture": "#1"},
				"down": {"uv": [0, 0, 7, 1], "texture": "#1"}
			}
		},
		{
			"from": [4, 6.75, 4],
			"to": [11, 7.75, 5],
			"rotation": {"angle": 0, "axis": "y", "origin": [3, 5.75, 5]},
			"faces": {
				"north": {"uv": [0, 0, 7, 1], "texture": "#1"},
				"east": {"uv": [0, 0, 1, 1], "texture": "#1"},
				"south": {"uv": [0, 0, 7, 1], "texture": "#1"},
				"west": {"uv": [0, 0, 1, 1], "texture": "#1"},
				"up": {"uv": [0, 0, 7, 1], "texture": "#1"},
				"down": {"uv": [0, 0, 7, 1], "texture": "#1"}
			}
		},
		{
			"from": [10, 6.75, 5],
			"to": [11, 7.75, 10],
			"rotation": {"angle": 0, "axis": "y", "origin": [9, 5.75, 6]},
			"faces": {
				"north": {"uv": [0, 0, 1, 1], "texture": "#1"},
				"east": {"uv": [0, 0, 5, 1], "texture": "#1"},
				"south": {"uv": [0, 0, 1, 1], "texture": "#1"},
				"west": {"uv": [0, 0, 5, 1], "texture": "#1"},
				"up": {"uv": [0, 0, 1, 5], "texture": "#1"},
				"down": {"uv": [0, 0, 1, 5], "texture": "#1"}
			}
		}
	],
	"display": {}
}