{
	"format_version": "1.9.0",
	"credit": "Made with Blockbench",
	"textures": {
		"2": "shroud:item/ship_body",
		"3": "shroud:item/ship_window"
	},
	"elements": [
		{
			"from": [5, 8.5, 4.5],
			"to": [6, 9.5, 11.5],
			"rotation": {"angle": 0, "axis": "y", "origin": [3, 4, 7]},
			"faces": {
				"north": {"uv": [0, 0, 1, 1], "texture": "#2"},
				"east": {"uv": [0, 0, 7, 1], "texture": "#2"},
				"south": {"uv": [0, 0, 1, 1], "texture": "#2"},
				"west": {"uv": [0, 0, 7, 1], "texture": "#2"},
				"up": {"uv": [0, 0, 1, 7], "texture": "#2"},
				"down": {"uv": [0, 0, 1, 7], "texture": "#2"}
			}
		},
		{
			"from": [5, 0.5, 4.5],
			"to": [6, 1.5, 11.5],
			"rotation": {"angle": 0, "axis": "y", "origin": [3, -4, 7]},
			"faces": {
				"north": {"uv": [0, 0, 1, 1], "texture": "#2"},
				"east": {"uv": [0, 0, 7, 1], "texture": "#2"},
				"south": {"uv": [0, 0, 1, 1], "texture": "#2"},
				"west": {"uv": [0, 0, 7, 1], "texture": "#2"},
				"up": {"uv": [0, 0, 1, 7], "texture": "#2"},
				"down": {"uv": [0, 0, 1, 7], "texture": "#2"}
			}
		},
		{
			"from": [5, 1.5, 5.5],
			"to": [6, 2.5, 10.5],
			"rotation": {"angle": 0, "axis": "y", "origin": [3, -3, 7]},
			"faces": {
				"north": {"uv": [0, 0, 1, 1], "texture": "#2"},
				"east": {"uv": [0, 0, 5, 1], "texture": "#2"},
				"south": {"uv": [0, 0, 1, 1], "texture": "#2"},
				"west": {"uv": [0, 0, 5, 1], "texture": "#2"},
				"up": {"uv": [0, 0, 1, 5], "texture": "#2"},
				"down": {"uv": [0, 0, 1, 5], "texture": "#2"}
			}
		},
		{
			"from": [12, 0.5, 4.5],
			"to": [13, 1.5, 11.5],
			"rotation": {"angle": 0, "axis": "y", "origin": [10, -4, 7]},
			"faces": {
				"north": {"uv": [0, 0, 1, 1], "texture": "#2"},
				"east": {"uv": [0, 0, 7, 1], "texture": "#2"},
				"south": {"uv": [0, 0, 1, 1], "texture": "#2"},
				"west": {"uv": [0, 0, 7, 1], "texture": "#2"},
				"up": {"uv": [0, 0, 1, 7], "texture": "#2"},
				"down": {"uv": [0, 0, 1, 7], "texture": "#2"}
			}
		},
		{
			"from": [12, 1.5, 5.5],
			"to": [13, 2.5, 10.5],
			"rotation": {"angle": 0, "axis": "y", "origin": [10, -3, 7]},
			"faces": {
				"north": {"uv": [0, 0, 1, 1], "texture": "#2"},
				"east": {"uv": [0, 0, 5, 1], "texture": "#2"},
				"south": {"uv": [0, 0, 1, 1], "texture": "#2"},
				"west": {"uv": [0, 0, 5, 1], "texture": "#2"},
				"up": {"uv": [0, 0, 1, 5], "texture": "#2"},
				"down": {"uv": [0, 0, 1, 5], "texture": "#2"}
			}
		},
		{
			"from": [5, 7.5, 5.5],
			"to": [6, 8.5, 10.5],
			"rotation": {"angle": 0, "axis": "y", "origin": [3, 3, 7]},
			"faces": {
				"north": {"uv": [0, 0, 1, 1], "texture": "#2"},
				"east": {"uv": [0, 0, 5, 1], "texture": "#2"},
				"south": {"uv": [0, 0, 1, 1], "texture": "#2"},
				"west": {"uv": [0, 0, 5, 1], "texture": "#2"},
				"up": {"uv": [0, 0, 1, 5], "texture": "#2"},
				"down": {"uv": [0, 0, 1, 5], "texture": "#2"}
			}
		},
		{
			"from": [12, 7.5, 5.5],
			"to": [13, 8.5, 10.5],
			"rotation": {"angle": 0, "axis": "y", "origin": [10, 3, 7]},
			"faces": {
				"north": {"uv": [0, 0, 1, 1], "texture": "#2"},
				"east": {"uv": [0, 0, 5, 1], "texture": "#2"},
				"south": {"uv": [0, 0, 1, 1], "texture": "#2"},
				"west": {"uv": [0, 0, 5, 1], "texture": "#2"},
				"up": {"uv": [0, 0, 1, 5], "texture": "#2"},
				"down": {"uv": [0, 0, 1, 5], "texture": "#2"}
			}
		},
		{
			"from": [12, 8.5, 4.5],
			"to": [13, 9.5, 11.5],
			"rotation": {"angle": 0, "axis": "y", "origin": [10, 4, 7]},
			"faces": {
				"north": {"uv": [0, 0, 1, 1], "texture": "#2"},
				"east": {"uv": [0, 0, 7, 1], "texture": "#2"},
				"south": {"uv": [0, 0, 1, 1], "texture": "#2"},
				"west": {"uv": [0, 0, 7, 1], "texture": "#2"},
				"up": {"uv": [0, 0, 1, 7], "texture": "#2"},
				"down": {"uv": [0, 0, 1, 7], "texture": "#2"}
			}
		},
		{
			"from": [4, 2.5, 3.5],
			"to": [5, 7.5, 12.5],
			"rotation": {"angle": 0, "axis": "y", "origin": [2, 2, 7]},
			"faces": {
				"north": {"uv": [0, 0, 1, 5], "texture": "#2"},
				"east": {"uv": [0, 0, 9, 5], "texture": "#2"},
				"south": {"uv": [0, 0, 1, 5], "texture": "#2"},
				"west": {"uv": [0, 0, 9, 5], "texture": "#2"},
				"up": {"uv": [0, 0, 1, 9], "texture": "#2"},
				"down": {"uv": [0, 0, 1, 9], "texture": "#2"}
			}
		},
		{
			"from": [13, 2.5, 3.5],
			"to": [14, 7.5, 12.5],
			"rotation": {"angle": 0, "axis": "y", "origin": [11, 2, 7]},
			"faces": {
				"north": {"uv": [0, 0, 1, 5], "texture": "#2"},
				"east": {"uv": [0, 0, 9, 5], "texture": "#2"},
				"south": {"uv": [0, 0, 1, 5], "texture": "#2"},
				"west": {"uv": [0, 0, 9, 5], "texture": "#2"},
				"up": {"uv": [0, 0, 1, 9], "texture": "#2"},
				"down": {"uv": [0, 0, 1, 9], "texture": "#2"}
			}
		},
		{
			"from": [11, 4.5, 6.5],
			"to": [13, 5.5, 9.5],
			"rotation": {"angle": 0, "axis": "y", "origin": [9.5, 5, 8]},
			"faces": {
				"north": {"uv": [0, 0, 1, 2], "rotation": 270, "texture": "#2"},
				"east": {"uv": [0, 0, 1, 3], "rotation": 90, "texture": "#2"},
				"south": {"uv": [0, 0, 1, 2], "rotation": 90, "texture": "#2"},
				"west": {"uv": [0, 0, 1, 3], "rotation": 90, "texture": "#2"},
				"up": {"uv": [0, 0, 3, 2], "rotation": 90, "texture": "#2"},
				"down": {"uv": [0, 0, 3, 2], "rotation": 90, "texture": "#2"}
			}
		},
		{
			"from": [10, 2.5, 5.5],
			"to": [11, 7.5, 10.5],
			"rotation": {"angle": 0, "axis": "y", "origin": [6.5, 5, 8]},
			"faces": {
				"north": {"uv": [0, 0, 5, 1], "rotation": 270, "texture": "#2"},
				"east": {"uv": [0, 0, 5, 5], "rotation": 90, "texture": "#2"},
				"south": {"uv": [0, 0, 5, 1], "rotation": 90, "texture": "#2"},
				"west": {"uv": [0, 0, 5, 5], "rotation": 90, "texture": "#2"},
				"up": {"uv": [0, 0, 5, 1], "rotation": 90, "texture": "#2"},
				"down": {"uv": [0, 0, 5, 1], "rotation": 90, "texture": "#2"}
			}
		},
		{
			"from": [7, 2.5, 5.5],
			"to": [8, 7.5, 10.5],
			"rotation": {"angle": 0, "axis": "y", "origin": [3.5, 5, 8]},
			"faces": {
				"north": {"uv": [0, 0, 5, 1], "rotation": 270, "texture": "#2"},
				"east": {"uv": [0, 0, 5, 5], "rotation": 90, "texture": "#2"},
				"south": {"uv": [0, 0, 5, 1], "rotation": 90, "texture": "#2"},
				"west": {"uv": [0, 0, 5, 5], "rotation": 90, "texture": "#2"},
				"up": {"uv": [0, 0, 5, 1], "rotation": 90, "texture": "#2"},
				"down": {"uv": [0, 0, 5, 1], "rotation": 90, "texture": "#2"}
			}
		},
		{
			"from": [8, 3.5, 7.5],
			"to": [10, 6.5, 10.5],
			"rotation": {"angle": 0, "axis": "y", "origin": [4.5, 5, 8]},
			"faces": {
				"north": {"uv": [0, 0, 3, 2], "rotation": 270, "texture": "#2"},
				"east": {"uv": [0, 0, 3, 3], "rotation": 90, "texture": "#2"},
				"south": {"uv": [0, 0, 3, 2], "rotation": 90, "texture": "#2"},
				"west": {"uv": [0, 0, 3, 3], "rotation": 90, "texture": "#2"},
				"up": {"uv": [0, 0, 3, 2], "rotation": 90, "texture": "#2"},
				"down": {"uv": [0, 0, 3, 2], "rotation": 90, "texture": "#2"}
			}
		},
		{
			"from": [8, 6.5, 5.5],
			"to": [10, 7.5, 10.5],
			"rotation": {"angle": 0, "axis": "y", "origin": [4.5, 9, 8]},
			"faces": {
				"north": {"uv": [0, 0, 1, 2], "rotation": 270, "texture": "#2"},
				"east": {"uv": [0, 0, 1, 5], "rotation": 90, "texture": "#2"},
				"south": {"uv": [0, 0, 1, 2], "rotation": 90, "texture": "#2"},
				"west": {"uv": [0, 0, 1, 5], "rotation": 90, "texture": "#2"},
				"up": {"uv": [0, 0, 5, 2], "rotation": 90, "texture": "#2"},
				"down": {"uv": [0, 0, 5, 2], "rotation": 90, "texture": "#2"}
			}
		},
		{
			"from": [8, 2.5, 5.5],
			"to": [10, 3.5, 10.5],
			"rotation": {"angle": 0, "axis": "y", "origin": [4.5, 5, 8]},
			"faces": {
				"north": {"uv": [0, 0, 1, 2], "rotation": 270, "texture": "#2"},
				"east": {"uv": [0, 0, 1, 5], "rotation": 90, "texture": "#2"},
				"south": {"uv": [0, 0, 1, 2], "rotation": 90, "texture": "#2"},
				"west": {"uv": [0, 0, 1, 5], "rotation": 90, "texture": "#2"},
				"up": {"uv": [0, 0, 5, 2], "rotation": 90, "texture": "#2"},
				"down": {"uv": [0, 0, 5, 2], "rotation": 90, "texture": "#2"}
			}
		},
		{
			"from": [7.25, 2.75, 4],
			"to": [10.75, 7.25, 5.5],
			"rotation": {"angle": 0, "axis": "y", "origin": [6.5, 5, 6]},
			"faces": {
				"north": {"uv": [0, 0, 4.5, 3.5], "rotation": 270, "texture": "#3"},
				"east": {"uv": [0, 0, 4.5, 1.5], "rotation": 90, "texture": "#3"},
				"south": {"uv": [0, 0, 4.5, 3.5], "rotation": 90, "texture": "#3"},
				"west": {"uv": [0, 0, 4.5, 1.5], "rotation": 90, "texture": "#3"},
				"up": {"uv": [0, 0, 1.5, 3.5], "rotation": 90, "texture": "#3"},
				"down": {"uv": [0, 0, 1.5, 3.5], "rotation": 90, "texture": "#3"}
			}
		},
		{
			"from": [5, 4.5, 6.5],
			"to": [7, 5.5, 9.5],
			"rotation": {"angle": 0, "axis": "y", "origin": [4.5, 5, 8]},
			"faces": {
				"north": {"uv": [0, 0, 1, 2], "rotation": 270, "texture": "#2"},
				"east": {"uv": [0, 0, 1, 3], "rotation": 90, "texture": "#2"},
				"south": {"uv": [0, 0, 1, 2], "rotation": 90, "texture": "#2"},
				"west": {"uv": [0, 0, 1, 3], "rotation": 90, "texture": "#2"},
				"up": {"uv": [0, 0, 3, 2], "rotation": 90, "texture": "#2"},
				"down": {"uv": [0, 0, 3, 2], "rotation": 90, "texture": "#2"}
			}
		}
	],
	"display": {
		"thirdperson_righthand": {
			"rotation": [81.75, 0, 0],
			"translation": [0, 13.25, 0]
		}
	}
}